"id","doi","display_name","author","publication_year","cited_by_count","altmetric_score","news_outlets","blogs","twitter","members_of_the_public","practitioners","research_scientists","science_communicators","Clinical_Psychology_and_Psychotherapy","Psychology","Medicine","Computer_science","Biology","Engineering","Geography","History","Materials_science","Physics","Environmental_science","Geology","Chemistry","Art","Sociology","Political_science","Philosophy","Economics","Business","Mathematics","Empty"
"https://openalex.org/W2998582571","10.1037/abn0000465","Levers and barriers to success in the use of translational neuroscience for the prevention and treatment of mental health and promotion of well-being across the lifespan.","Sarah R. Horn; Philip A. Fisher; Jennifer H. Pfeifer; Nicholas B. Allen; Elliot T. Berkman",2020,8,11.2,NA,NA,15,9,NA,6,NA,3,4,1,0,0,0,0,0,0,0,0,0,0,0,0,0,0,0,0,0,0
"https://openalex.org/W2899024077","10.1016/j.janxdis.2018.10.006","When translational neuroscience fails in the clinic: Dexamethasone prior to virtual reality exposure therapy increases drop-out rates","Jessica L. Maples-Keller; Tanja Jovanovic; Boadie W. Dunlop; Sheila A.M. Rauch; Carly Yasinski; Vasiliki Michopoulos; Callan Coghlan; Seth D. Norrholm; Albert Rizzo; Kerry J. Ressler; Barbara O. Rothbaum",2019,20,6.3,NA,NA,9,7,1,1,NA,15,4,1,1,0,0,0,0,0,0,0,0,0,0,0,0,0,0,1,0,0
"https://openalex.org/W2902023166","10.1037/ccp0000309","Towards personalized, brain-based behavioral intervention for transdiagnostic anxiety: Transient neural responses to negative images predict outcomes following a targeted computer-based intervention.","Rebecca B. Price; Logan Cummings; Danielle Gilchrist; Simona Graur; Layla Banihashemi; Susan S Kuo; Greg J. Siegle",2018,16,0.5,NA,NA,1,1,NA,NA,NA,10,2,0,2,0,0,0,0,0,0,0,0,0,0,0,0,0,0,0,0,0
"https://openalex.org/W3027044460","10.1097/yic.0000000000000314","Clinical advances in obsessive-compulsive disorder","Naomi A. Fineberg; Eric Hollander; Stefano Pallanti; Susanne Walitza; Edna Grünblatt; Bernardo Dell'Osso; Umberto Albert; Daniel A. Geller; Vlasios Brakoulias; Y.C. Janardhan Reddy; Shyam Sundar Arumugham; Roseli G. Shavitt; Lynne M. Drummond; Benedetta Grancini; Vera De Carlo; Eduardo Cinosi; Samuel R. Chamberlain; Konstantinos Ioannidis; Carolyn I. Rodriguez; Kabir Garg; David J. Castle; Michael Van Ameringen; Dan J. Stein; Lior Carmi; Joseph Zohar; José M. Menchón",2020,16,0.5,NA,NA,1,NA,NA,NA,1,24,7,12,0,0,0,0,0,0,0,0,0,1,0,0,0,0,0,0,0,0
"https://openalex.org/W2907408958","10.1007/s00213-018-5116-0","Glucocorticoid-induced enhancement of extinction—from animal models to clinical trials","Dominique J.-F. de Quervain; Oliver T. Wolf; Benno Roozendaal",2019,36,1.5,NA,NA,2,1,NA,1,NA,8,15,8,1,0,0,0,0,0,0,0,0,1,0,0,0,0,0,0,0,0
"https://openalex.org/W2409263803","10.1097/yco.0000000000000218","Functional neuroimaging of psychotherapeutic processes in anxiety and depression","Ulrike Lueken; Tim Hahn",2016,32,1.25,NA,NA,3,2,NA,NA,1,19,5,2,2,0,0,0,0,0,0,0,0,2,0,0,1,1,0,0,0,0
"https://openalex.org/W2801902010","10.3389/fpsyg.2018.00824","Exclusion-Proneness in Borderline Personality Disorder Inpatients Impairs Alliance in Mentalization-Based Group Therapy","Sebastian Euler; Johannes Wrege; Mareike Busmann; Hannah J. Lindenmeyer; Daniel Sollberger; Undine E. Lang; Jens Gaab; Marc Walter",2018,12,1.5,NA,NA,4,3,NA,NA,1,12,0,0,0,0,0,0,0,0,0,0,0,0,0,0,0,0,0,0,0,0
"https://openalex.org/W2772690159","10.1027/2151-2604/a000309","Bridging the Gaps Between Basic Science and Cognitive-Behavioral Treatments for Anxiety Disorders in Routine Care","Jan Richter; Andre Pittig; Maike Hollandt; Ulrike Lueken",2017,20,NA,NA,NA,NA,NA,NA,NA,NA,11,8,2,2,0,0,0,0,0,0,0,0,0,0,0,0,0,0,0,0,0
"https://openalex.org/W1857780785","10.1111/jopy.12012","Self-Regulation and Mechanisms of Action in Psychotherapy: A Theory-Based Translational Perspective","Timothy J. Strauman; Elena L. Goetz; Allison M. Detloff; Katherine E. MacDuffie; Luisa Zaunmüller; Wolfgang Lutz",2013,17,0.5,NA,NA,1,1,NA,NA,NA,14,0,0,0,0,0,0,0,0,0,0,0,0,0,0,0,1,0,1,0,0
"https://openalex.org/W2248102213","10.1159/000430772","Psychotherapy and Mental Health as a Psychological Science Discipline","Hans-Ulrich Wittchen; Samia Härtling; Jürgen Hoyer",2015,6,NA,NA,NA,NA,NA,NA,NA,NA,1,1,1,0,0,0,0,0,0,0,0,0,0,0,0,0,1,0,0,0,0
"https://openalex.org/W2139757092","10.1024/0939-5911.a000111","Untersuchungskonzept für die CANDIS 1CANnabis DISorders -Studie zur Behandlung von cannabisbezogenen Störungen: Ein Beispiel translationaler Forschung","Eva Hoch; Gerhard Bühringer; Jana Henker; Heike Rohrbacher; René Noack; A Pixa; Katrin Dittmer; Anne Rühlmann; Hans-Ulrich Wittchen",2011,7,NA,NA,NA,NA,NA,NA,NA,NA,1,0,4,0,0,0,0,0,0,0,0,0,0,0,0,0,0,0,0,0,0
"https://openalex.org/W2982571178","10.1007/s00115-019-00808-9","Innovative Psychotherapieforschung: auf dem Weg zu einer evidenz- und prozessbasierten individualisierten und modularen Psychotherapie","Eva-Lotta Brakemeier; Sabine C. Herpertz",2019,14,3,NA,NA,NA,NA,NA,NA,NA,5,1,2,0,0,0,0,0,0,0,0,0,0,0,0,0,1,0,0,0,0
"https://openalex.org/W1976357293","10.1001/jamapsychiatry.2014.1741","Predicting Treatment Response to Cognitive Behavioral Therapy in Panic Disorder With Agoraphobia by Integrating Local Neural Information","Tim Hahn; Tilo Kircher; Benjamin Straube; Hans-Ulrich Wittchen; Carsten Konrad; Andreas Ströhle; André Wittmann; Bettina Pfleiderer; Andreas Reif; Volker Arolt; Ulrike Lueken",2015,96,7.1,NA,NA,12,9,1,1,1,43,20,17,13,0,0,0,0,0,0,0,0,0,0,0,1,1,0,0,0,0
"https://openalex.org/W3017485463","10.1186/s13643-020-01337-2","The role of exposure in the treatment of anxiety in children and adolescents: protocol of a systematic review and meta-analysis","Kathrin Schopf; Cornelia Mohr; Michael W. Lippert; Katharina Sommer; Andrea H. Meyer; Silvia Schneider",2020,0,1,NA,NA,1,1,NA,NA,NA,0,0,0,0,0,0,0,0,0,0,0,0,0,0,0,0,0,0,0,0,0
"https://openalex.org/W4220955896","10.1037/bdb0000108","Mitigating reinstatement using progressive ratio schedules: A proof of concept.","Michael P. Kranak; Griffin W. Rooker; Alexander R. Arevalo; Théo P. Robinson",2022,1,NA,NA,NA,NA,NA,NA,NA,NA,1,0,0,0,0,0,0,0,0,0,0,0,0,0,0,0,0,0,0,0,0
"https://openalex.org/W3091782419","10.2147/ndt.s271842","&lt;p&gt;The Developmental and Translational Study on Biomarkers and Clinical Characteristics-based Diagnostic and Therapeutic Identification of Major Depressive Disorder: Study Protocol for a Multicenter Randomized Controlled Trial in China&lt;/p&gt;","Xiaohua Liu; Yun Wang; Daihui Peng; Huifeng Zhang; Yanqun Zheng; Yan Wu; Yun-Ai Su; Ming Liu; Xiancang Ma; Yi Li; Jianfei Shi; Xiaojing Cheng; Han Rong; Qin Ning",2020,1,NA,NA,NA,NA,NA,NA,NA,NA,0,0,1,0,0,0,0,0,0,0,0,0,0,0,0,0,0,0,0,0,0
"https://openalex.org/W3175955264","10.1037/bdb0000102","Development of a systematic approach to identify reinforcer dimension sensitivity.","Katherine R. Brown; Amanda N. Zangrillo; Brian D. Greer",2021,0,NA,NA,NA,NA,NA,NA,NA,NA,0,0,0,0,0,0,0,0,0,0,0,0,0,0,0,0,0,0,0,0,0
"https://openalex.org/W3023005523","10.1002/jaba.824","Sustaining behavior reduction by transitioning the topography of the functional communication response","Kayla R. Randall; Brian D. Greer; Sean W. Smith; Ryan T. Kimball",2021,1,0.25,NA,NA,1,1,NA,NA,NA,1,0,0,1,0,0,0,0,0,0,0,0,0,0,0,0,0,0,0,0,0
"https://openalex.org/W3155327096","10.1037/bdb0000101","Resurgence following traditional and interdependent differential reinforcement of alternative behavior.","Ashley M. Fuhrman; Wayne W. Fisher; Brian D. Greer; Timothy A. Shahan; Andrew R. Craig",2021,1,NA,NA,NA,NA,NA,NA,NA,NA,0,0,1,0,0,0,0,0,0,0,0,0,0,0,0,0,0,0,0,0,0
"https://openalex.org/W3103798095","10.1002/jaba.780","A translational comparison of contingency‐based progressive delay procedures and their effects on contextually appropriate behavior","Julia A. Iannaccone; Joshua Jessel",2021,2,1,NA,NA,1,1,NA,NA,NA,1,0,0,0,0,0,0,0,0,0,0,0,0,0,0,0,0,0,0,0,0
"https://openalex.org/W3087268255","10.1037/hea0001022","Translation of findings from laboratory studies of food and alcohol intake into behavior change interventions: The experimental medicine approach.","Matt Field; Paul Christiansen; Charlotte A. Hardman; Ashleigh Haynes; Andrew Jones; Allecia E. Reid; Eric Robinson",2020,5,16.15,NA,NA,26,9,1,16,NA,5,2,0,0,0,0,0,0,0,0,0,0,0,0,0,0,0,0,0,0,0
"https://openalex.org/W3092526126","10.1080/15267431.2020.1826485","Narrative Connection: Applying CNSM Theory’s Translational Storytelling Heuristic","Jody Koenig Kellas; Toni Morgan; Cassidy Taladay; Mikki Minton; Justice Forte; Erin Husmann",2020,7,NA,NA,NA,NA,NA,NA,NA,NA,1,3,0,0,0,0,0,0,0,0,0,0,0,0,1,0,0,0,0,0,0
"https://openalex.org/W3111566781","10.1016/j.cbpra.2020.09.011","Lessons Learned From a Randomized Controlled Pilot Trial Testing an Inhibitory Learning Approach to Exposure in Anxious Youth","Sarah M. Kennedy; Jessica L. Hawks",2021,1,0.5,NA,NA,1,NA,1,NA,NA,0,1,0,0,0,0,0,0,0,0,0,0,0,0,0,0,0,0,0,0,0
"https://openalex.org/W3102144287","10.1007/s40616-020-00137-y","Generalized Reflexive Responding and Cross-Modal Tactile Transfer of Stimulus Function in Children with Autism","Jordan Belisle; Kate Huggins; Meghan Doherty; Caleb R. Stanley; Mark R. Dixon",2020,1,1.25,NA,NA,3,3,NA,NA,NA,0,0,0,0,0,0,0,0,0,0,0,0,0,0,0,0,0,0,0,0,0
"https://openalex.org/W3005045555","10.1002/jaba.678","The role of adventitious reinforcement during differential reinforcement of other behavior: A systematic replication","Catalina N. Rey; Alison M. Betz; Andressa A. Sleiman; Toshikazu Kuroda; Christopher A. Podlesnik",2020,0,1,NA,NA,1,1,NA,NA,NA,0,3,0,0,0,0,0,0,0,0,0,0,0,0,0,0,0,0,0,0,0
"https://openalex.org/W3035939434","10.1037/cpp0000326","Development and feasibility testing of the Comfort Ability Program for sickle cell pain: A patient-informed, video-based pain management intervention for adolescents with sickle cell disease.","Tessa Wihak; Maureen Burns; Jacqueline Miranda; Gail Windmueller; Carlee Oakley; Rachael Coakley",2020,1,NA,NA,NA,NA,NA,NA,NA,NA,1,0,0,0,0,0,0,0,0,0,0,0,0,0,0,0,0,0,0,0,0
"https://openalex.org/W3000674082","10.1016/j.brat.2019.103545","Contributions from neuroscience to the practice of Cognitive Behaviour Therapy: Translational psychological science in service of good practice","Rudi De Raedt",2020,8,0.5,NA,NA,1,1,NA,NA,NA,8,1,0,0,0,0,0,0,0,0,0,0,0,0,0,0,0,0,0,0,0
"https://openalex.org/W2997503349","10.1002/jeab.573","Relapse of anxiety‐related fear and avoidance: Conceptual analysis of treatment with acceptance and commitment therapy","Brooke M. Smith; Gregory S. Smith; Simon Dymond",2020,7,3.95,NA,NA,6,4,1,1,NA,5,5,0,0,0,0,0,0,0,0,0,0,0,0,0,0,0,0,0,0,0
"https://openalex.org/W2960644278","10.1002/jaba.595","A translational evaluation of potential iatrogenic effects of single and combined contingencies during functional analysis","Billie J. Retzlaff; Wayne W. Fisher; Jessica S. Akers; Brian D. Greer",2019,5,1.35,NA,NA,2,1,NA,1,NA,5,6,1,0,0,0,0,0,0,0,0,0,0,0,0,0,0,0,0,0,0
"https://openalex.org/W2900595415","10.1093/jpepsy/jsy083","Commentary: Methods and Designs for T1 Translation in Pediatric Psychology","Sylvie Naar; Bonnie Spring",2019,2,2.85,NA,NA,5,1,NA,3,1,2,0,0,0,0,0,0,0,0,0,0,0,0,0,0,0,0,0,0,0,0
"https://openalex.org/W2991613997","10.1002/anzf.1392","Bioecological Implications of Narrative Exposure Therapy in Low‐Resource Settings: Individual, Family, Community, and Socio‐Political Contexts","Daniel K. Cooper; Elizabeth Wieling; Anett Pfeiffer",2019,3,0.5,NA,NA,1,1,NA,NA,NA,2,1,0,0,0,0,0,0,0,0,0,0,0,0,0,0,0,0,0,0,0
"https://openalex.org/W2982622264","10.1007/s00278-019-00379-9","Partnerschaft und Gesundheit","Beate Ditzen; Monika Eckstein; Melanie S. Fischer; Corina Aguilar-Raab",2019,4,NA,NA,NA,NA,NA,NA,NA,NA,3,2,0,0,0,0,0,0,0,0,0,0,0,0,0,0,0,0,0,0,0
"https://openalex.org/W2964658992","10.2196/13606","Identifying Frameworks for Validation and Monitoring of Consensual Behavioral Intervention Technologies: Narrative Review","François Carbonnel; Grégory Ninot",2019,7,1,NA,NA,3,3,NA,NA,NA,0,2,5,1,0,0,0,0,0,0,0,0,0,0,0,2,0,0,0,0,0
"https://openalex.org/W2771447691","10.1002/jaba.647","A translational evaluation of renewal of inappropriate mealtime behavior","Vivian F. Ibañez; Cathleen C. Piazza; Kathryn M. Peterson",2019,16,NA,NA,NA,NA,NA,NA,NA,NA,5,10,1,1,0,0,0,0,0,0,0,0,0,0,0,0,0,0,0,0,0
"https://openalex.org/W2911560859","10.1146/annurev-clinpsy-050718-095634","Augmentation of Extinction and Inhibitory Learning in Anxiety and Trauma-Related Disorders","Lauren A.M. Lebois; Antonia V. Seligowski; Jonathan D. Wolff; Sarah B. Hill; Kerry J. Ressler",2019,37,13.08,1,1,NA,NA,NA,NA,NA,18,15,3,0,0,0,0,0,0,0,0,0,0,0,0,0,0,0,0,0,0
"https://openalex.org/W2888059438","10.1016/j.cpr.2018.08.005","Intrusive memories of trauma: A target for research bridging cognitive science and its clinical application","Lalitha Iyadurai; Renée M. Visser; Alex Lau-Zhu; Kate Porcheret; Antje Horsch; Emily A. Holmes; Ella L. James",2019,73,24.3,NA,NA,37,25,2,9,1,48,22,4,1,0,0,0,0,0,0,0,0,0,0,0,0,0,0,0,0,0
"https://openalex.org/W2806642665","10.3389/fpsyt.2018.00548","Introducing Precision Addiction Management of Reward Deficiency Syndrome, the Construct That Underpins All Addictive Behaviors","Kenneth Blum; Marjorie C. Gondré-Lewis; David Baron; Panayotis K. Thanos; Eric R. Braverman; Jennifer Neary; Igor Elman; Rajendra D Badgaiyan",2018,36,14.812,NA,1,5,3,NA,1,1,9,16,13,1,2,0,0,0,0,0,0,0,0,0,0,0,0,0,0,0,0
"https://openalex.org/W2894898912","10.1002/jaba.499","Minimizing resurgence of destructive behavior using behavioral momentum theory","Wayne W. Fisher; Brian D. Greer; Ashley M. Fuhrman; Valdeep Saini; Christina A. Simmons",2018,33,1.25,NA,NA,3,3,NA,NA,NA,13,22,1,3,0,0,0,0,0,0,0,0,0,0,0,0,0,0,0,0,0
"https://openalex.org/W2802617812","10.1111/jep.12915","Brain-based treatment-A new approach or a well-forgotten old one?","Vanya Matanova; Zlatomira Kostova; Martin Kolev",2018,2,NA,NA,NA,NA,NA,NA,NA,NA,0,1,1,0,0,0,0,0,0,0,0,0,0,0,0,0,0,0,0,0,0
"https://openalex.org/W2883290724","10.1002/jaba.496","A translational analysis of ABA and ABC renewal of operant behavior","Clare J. Liddon; Michael E. Kelley; Catalina N. Rey; Ashley P. Liggett; Aurelia Ribeiro",2018,9,1,NA,NA,1,1,NA,NA,NA,6,5,0,1,0,0,0,0,0,0,0,0,0,0,0,0,0,0,0,0,0
"https://openalex.org/W2802742757","10.1002/jaba.466","Resurgence with and without an alternative response","Ryan T. Kimball; Michael E. Kelley; Christopher A. Podlesnik; Alex Forton; Brandy Hinkle",2018,13,NA,NA,NA,NA,NA,NA,NA,NA,2,10,0,1,0,0,0,0,0,0,0,0,0,0,0,0,0,0,1,0,0
"https://openalex.org/W2753574612","10.1016/j.beth.2017.09.001","A Pilot Study of Emotion Regulation Therapy for Generalized Anxiety and Depression: Findings From a Diverse Sample of Young Adults","Megan E. Renna; Jean M. Quintero; Ariella Soffer; Martin Pino; Leslie Ader; David M. Fresco; Douglas S. Mennin",2017,27,0.85,NA,NA,1,1,NA,NA,NA,23,2,2,0,0,0,0,0,0,0,0,0,0,0,0,0,0,0,0,0,0
"https://openalex.org/W2792164490","10.1016/j.pnpbp.2018.03.003","MDMA-assisted psychotherapy for PTSD: Are memory reconsolidation and fear extinction underlying mechanisms?","Allison A. Feduccia; Michael C. Mithoefer",2018,76,107.98,7,1,62,55,3,2,2,44,21,11,0,1,0,0,0,0,0,0,0,3,0,0,1,0,0,0,0,0
"https://openalex.org/W2792164547","10.1037/ccp0000289","A randomized controlled trial of emotion regulation therapy for generalized anxiety disorder with and without co-occurring depression.","Douglas S. Mennin; David M. Fresco; Mia Skytte O'Toole; James J. Gross",2018,51,3.25,NA,NA,1,1,NA,NA,NA,48,2,2,0,0,0,0,0,0,0,0,0,0,0,0,0,0,0,0,0,0
"https://openalex.org/W2886127472","10.1002/jeab.315","Assessing the combined effects of resurgence and reinstatement in children diagnosed with autism spectrum disorder","Ashley P. Liggett; Regina Nastri; Christopher A. Podlesnik",2018,23,10.25,NA,NA,18,15,NA,1,2,2,18,0,1,0,0,0,0,0,0,1,0,0,0,0,0,0,0,0,1,0
"https://openalex.org/W2779008721","10.1016/j.jpsychires.2017.12.014","Augmenting Prolonged Exposure therapy for PTSD with intranasal oxytocin: A randomized, placebo-controlled pilot trial","Julianne C. Flanagan; Lauren M. Sippel; Amy E. Wahlquist; Megan M. Moran-Santa Maria; Sudie E. Back",2018,69,6.25,NA,NA,1,1,NA,NA,NA,45,12,15,0,2,0,0,0,0,0,0,0,0,0,0,0,0,0,0,0,0
"https://openalex.org/W2781974928","10.1037/int0000065","Crossing boundaries for borderline personality disorder: Comment on Dixon-Gordon, Peters, Fertuck, and Yen (2016).","Kevin S. McCarthy; Anne P. Taylor",2017,0,NA,NA,NA,NA,NA,NA,NA,NA,0,0,0,0,0,0,0,0,0,0,0,0,0,0,0,0,0,0,0,0,0
"https://openalex.org/W2698910221","10.2174/2210676607666170607160400","Current Understanding of Dyslexia and Pilot Data on Efficacy of a Mindfulness Based Psychotherapy (MBR-RAM) Model","Basant Pradhan; Tapan Parikh; Madhusmita Sahoo; Richard Selznick; Michael Goodman",2017,4,NA,NA,NA,NA,NA,NA,NA,NA,0,3,0,0,0,0,0,0,0,0,0,0,0,0,0,0,0,0,0,0,0
"https://openalex.org/W2593413236","10.1177/0145445517696052","The Effects of Conducting a Functional Analysis on Problem Behavior in Other Settings: A Descriptive Study on Potential Interaction Effects","Nathan A. Call; Andrea R. Reavis; Seth B. Clark; Natalie A. Parks; Tom Cariveau; Colin S. Muething",2017,3,0.25,NA,NA,NA,NA,NA,NA,NA,3,0,0,0,0,0,0,0,0,0,0,0,0,0,0,0,0,0,0,0,0
"https://openalex.org/W2626989834","10.1002/jaba.400","Renewed behavior produced by context change and its implications for treatment maintenance: A review","Christopher A. Podlesnik; Michael E. Kelley; Corina Jimenez-Gomez; Mark E. Bouton",2017,84,2.6,NA,NA,2,2,NA,NA,NA,19,57,0,6,0,0,0,0,0,0,1,0,0,0,0,0,1,0,0,1,0
"https://openalex.org/W2594427455","10.1007/s00278-017-0168-x","Ressourcenorientierung als Interventionsleitbild","Christoph Flückiger; Judith Held; Christine Wolfer; Mathias Allemand; Andreea Vîslă",2017,2,NA,NA,NA,NA,NA,NA,NA,NA,0,0,0,0,0,0,0,0,0,0,0,0,0,0,0,0,1,0,0,0,0
"https://openalex.org/W2468245768","10.1001/jamapsychiatry.2016.1132","Schrödinger’s Cat andd-Cycloserine to Augment Exposure Therapy—Both Are Alive and Dead","Stefan G. Hofmann",2016,6,14.25,1,NA,4,2,NA,1,1,6,0,1,0,0,0,0,0,0,0,0,0,0,0,0,0,0,0,0,0,0
"https://openalex.org/W2517717524","10.1016/j.brat.2016.08.015","The validity of laboratory-based treatment research: Bridging the gap between fear extinction and exposure treatment","Sara Scheveneels; Yannick Boddez; Bram Vervliet; Dirk Hermans",2016,83,11.5,NA,NA,20,14,NA,5,1,36,40,1,0,0,0,0,0,0,0,0,0,0,1,0,0,0,0,0,0,0
"https://openalex.org/W2485342339","10.1002/jaba.338","A preliminary investigation on improving functional communication training by mitigating resurgence of destructive behavior","Ashley M. Fuhrman; Wayne W. Fisher; Brian D. Greer",2016,65,NA,NA,NA,NA,NA,NA,NA,NA,18,37,1,6,0,1,1,0,0,0,1,0,0,0,0,0,0,0,1,0,0
"https://openalex.org/W2464033186","10.1111/famp.12233","Taking Brief Strategic Family Therapy from Bench to Trench: Evidence Generation Across Translational Phases","Viviana E. Horigian; Austen R. Anderson; José Szapocznik",2016,24,NA,NA,NA,NA,NA,NA,NA,NA,13,1,3,0,0,0,0,0,0,0,0,0,0,2,0,0,0,0,0,0,1
"https://openalex.org/W2315125390","10.1017/s1352465816000060","Targeting Recovery in Persistent Persecutory Delusions: A Proof of Principle Study of a New Translational Psychological Treatment (the Feeling Safe Programme)","Daniel Freeman; Jonathan Bradley; Felicity Waite; Bryony Sheaves; Natalie DeWeever; Emilie Bourke; Josephine McInerney; Nicole Evans; Emma Černis; Rachel Lister; Philippa Garety; Graham Dunn",2016,23,14.15,NA,NA,27,19,4,4,NA,24,0,0,0,0,0,0,0,0,0,0,0,0,0,0,0,0,0,0,0,0
"https://openalex.org/W2287813247","10.1002/jaba.283","A translational evaluation of transitions","Joshua Jessel; Gregory P. Hanley; Mahshid Ghaemmaghami",2016,18,NA,NA,NA,NA,NA,NA,NA,NA,1,17,0,0,0,0,0,0,0,0,0,0,0,0,0,0,0,0,0,0,0
"https://openalex.org/W2292177655","10.5514/rmac.v41.i2.63776","WHERE WOULD ABA BE WITHOUT EAB? AN EXAMPLE OF TRANSLATIONAL RESEARCH ON RECURRENCE OF OPERANT BEHAVIOR AND TREATMENT RELAPSE","Keith Lit; F. Charles Mace",2015,5,NA,NA,NA,NA,NA,NA,NA,NA,1,6,0,1,0,0,0,0,0,0,0,0,0,0,0,1,0,0,0,0,0
"https://openalex.org/W2030613824","10.1007/s40732-014-0103-2","An Empirical Investigation of the Role of Self, Hierarchy, and Distinction in a Common Act Exercise","Mairéad Foody; Yvonne Barnes-Holmes; Dermot Barnes-Holmes; Laura Rai; Carmen Luciano",2015,21,3.5,NA,NA,2,1,NA,1,NA,16,9,0,0,0,0,0,0,0,0,0,0,0,0,0,0,0,0,0,0,0
"https://openalex.org/W1775834967","10.1002/jaba.266","Implications for practice: Resurgence and differential reinforcement of alternative responding","Sarah E. Bloom; Joseph M. Lambert",2015,16,NA,NA,NA,NA,NA,NA,NA,NA,3,12,0,0,0,0,0,0,0,0,1,0,0,0,0,0,0,0,0,0,0
"https://openalex.org/W1818718306","10.1002/da.22377","AN OPEN TRIAL OF EMOTION REGULATION THERAPY FOR GENERALIZED ANXIETY DISORDER AND COOCCURRING DEPRESSION","Douglas S. Mennin; David M. Fresco; Michael R. Ritter; James J. Gross",2015,93,10,1,NA,2,2,NA,NA,NA,91,5,1,0,0,0,0,0,0,0,0,0,0,0,0,0,1,0,0,0,0
"https://openalex.org/W2007382272","10.1891/0889-8391.29.1.68","An Affective Cognitive Neuroscience-Based Approach to PTSD Psychotherapy: The TARGET Model","Julian D. Ford",2015,30,0.75,NA,NA,2,2,NA,NA,NA,28,0,3,1,0,0,0,0,0,0,0,0,0,0,1,1,0,0,0,0,0
"https://openalex.org/W2106241686","10.1017/s0140525x14000363","Memory reconsolidation and psychotherapeutic process","Israel Liberzon; Arash Javanbakht",2015,2,0.25,NA,NA,NA,NA,NA,NA,NA,2,0,0,0,0,0,0,0,0,0,0,0,0,0,0,0,0,0,0,0,0
"https://openalex.org/W2063943610","10.1016/j.beth.2014.09.014","Implications of RDoC for the Research and Practice of Psychotherapy","Rachel Hershenberg; Marvin R. Goldfried",2015,37,7.1,NA,NA,10,6,NA,4,NA,28,8,1,0,0,0,0,0,0,0,0,0,0,0,0,0,1,0,0,0,0
"https://openalex.org/W2331202976","10.1037/h0100581","Furthering a behavior analytic account of self-control using relational frame theory.","Autumn McKeel; Mark R. Dixon",2014,3,NA,NA,NA,NA,NA,NA,NA,NA,1,3,0,0,0,0,0,0,0,0,0,0,0,0,0,0,0,0,0,0,0
"https://openalex.org/W1980163142","10.1016/j.brat.2014.09.003","The neuroscience of psychological treatments","David H. Barlow",2014,4,0.5,NA,NA,1,NA,NA,1,NA,2,1,1,0,0,0,0,0,0,0,0,0,0,0,0,0,0,0,0,0,0
"https://openalex.org/W1980034853","10.1371/journal.pone.0093519","Does D-Cycloserine Enhance Exposure Therapy for Anxiety Disorders in Humans? A Meta-Analysis","Helga Rodrigues; Ivan Figueira; Alessandra Pereira Lopes; Raquel Gonçalves; Mauro V. Mendlowicz; Evandro Silva Freire Coutinho; Paula Ventura",2014,86,4.35,NA,NA,6,5,NA,1,NA,49,27,8,0,1,0,0,0,0,0,0,0,2,0,0,2,0,0,0,0,0
"https://openalex.org/W2004544592","10.1007/s10880-014-9393-4","A Review of Cognitive Behavioral Therapy for Panic Disorder in Patients with Chronic Obstructive Pulmonary Disease: The Rationale for Interoceptive Exposure","Terri L. Barrera; Kathleen M. Grubbs; Mark E. Kunik; Ellen J. Teng",2014,18,3.5,NA,NA,1,1,NA,NA,NA,9,2,6,0,0,0,0,0,0,0,0,0,0,0,0,0,0,0,0,0,0
"https://openalex.org/W2083706748","10.1037/a0035641","Contributions of psychology to the understanding and treatment of people with chronic pain: Why it matters to ALL psychologists.","Mark P. Jensen; Dennis C. Turk",2014,123,3.85,NA,NA,7,6,1,NA,NA,75,6,33,1,1,0,0,0,0,0,0,0,0,0,0,0,0,0,1,0,0
"https://openalex.org/W2126677036","10.1111/jopy.12015","Cognitive-Affective Processing System Analysis of Intra-Individual Dynamics in Collaborative Therapeutic Assessment: Translating Basic Theory and Research Into Clinical Applications","Yuichi Shoda; Nicole L. Wilson; Jessica A. Chen; Amanda K. Gilmore; Ronald E. Smith",2013,19,2.2,NA,NA,3,1,NA,2,NA,7,6,0,5,0,0,0,0,0,0,0,0,0,0,0,0,0,0,1,1,0
"https://openalex.org/W1991576048","10.1111/jcpp.12092","Predicting outcomes following cognitive behaviour therapy in child anxiety disorders: the influence of genetic, demographic and clinical information","Jennifer L. Hudson; Kathryn J. Lester; Glyn Lewis; Maria Tropeano; Cathy Creswell; David A. Collier; Peter J. Cooper; Heidi J. Lyneham; Talia Morris; Ronald M. Rapee; Susanna Roberts; Jennifer A. Donald; Thalia C. Eley",2013,64,4,NA,NA,7,6,NA,1,NA,53,9,1,0,0,0,0,0,0,0,0,0,0,0,0,0,0,0,0,0,0
"https://openalex.org/W1987838351","10.1016/j.cbpra.2013.02.001","Emotion Regulation Therapy for Generalized Anxiety Disorder","David M. Fresco; Douglas S. Mennin; James J. Gross; Michael R. Ritter",2013,67,3.7,NA,NA,5,3,1,1,NA,NA,NA,NA,NA,NA,NA,NA,NA,NA,NA,NA,NA,NA,NA,NA,NA,NA,NA,NA,NA,NA
"https://openalex.org/W2099288315","10.1155/2013/156084","Cognitive Remediation in Schizophrenia: Current Status and Future Perspectives","Stefano Barlati; Giacomo Deste; Luca De Peri; Cassandra Ariu; Antonio Vita",2013,73,NA,NA,NA,NA,NA,NA,NA,NA,65,9,6,0,0,0,0,0,0,0,0,0,0,0,0,1,0,0,0,0,0
"https://openalex.org/W1978294549","10.1007/s12160-012-9390-5","Social Cognitive Changes Following Weight Loss and Physical Activity Interventions in Obese, Older Adults in Poor Cardiovascular Health","Lawrence R. Brawley; W. Jack Rejeski; Jill E. Gaukstern; Walter T. Ambrosius",2012,30,2,NA,NA,3,2,NA,1,NA,3,7,18,1,0,0,0,0,0,0,0,0,0,0,0,0,0,0,0,0,0
"https://openalex.org/W1994762458","10.1037/a0027925","A translational model of research-practice integration.","Dina Vivian; Rachel Hershenberg; Bethany A. Teachman; Deborah A. G. Drabick; Marvin R. Goldfried; Barry E. Wolfe",2012,10,1,NA,NA,1,1,NA,NA,NA,5,2,1,0,0,0,0,0,0,0,0,0,0,0,0,0,0,0,0,0,0
"https://openalex.org/W1988370178","10.1007/s10879-011-9195-z","A New Appraisal of Combined Treatments for PTSD in the Era of Psychotherapy Adjunctive Medications","Christina M. Sheerin; Richard W. Seim; C. Richard Spates",2012,6,NA,NA,NA,NA,NA,NA,NA,NA,3,1,1,0,0,0,0,0,0,0,0,0,0,0,0,0,0,0,0,0,0
"https://openalex.org/W2029034232","10.1037/a0024992","Ameliorating intrusive memories of distressing experiences using computerized reappraisal training.","Marcella L. Woud; Emily A. Holmes; Peggy Postma; Tim Dalgleish; Bundy Mackintosh",2012,81,1.5,NA,NA,1,1,NA,NA,NA,51,26,1,2,0,0,0,0,0,0,0,0,0,0,0,1,0,0,0,0,0
"https://openalex.org/W2046233943","10.1007/s13142-011-0030-6","Adaptation and implementation of an evidence-based behavioral medicine program in diverse global settings: The Williams LifeSkills experience","Redford B. Williams; Virginia P. Williams",2011,6,NA,NA,NA,NA,NA,NA,NA,NA,1,2,2,0,0,0,0,0,0,1,0,0,0,0,0,1,0,0,0,0,0
"https://openalex.org/W2019275263","10.15288/jsad.2011.72.903","Proposed Model of the Neurobiological Mechanisms Underlying Psychosocial Alcohol Interventions: The Example of Motivational Interviewing*","Sarah W. Feldstein Ewing; Francesca M. Filbey; Christian S. Hendershot; Amber D. McEachern; Kent E. Hutchison",2011,42,NA,NA,NA,NA,NA,NA,NA,NA,33,7,2,1,0,0,0,0,0,0,0,0,0,0,0,0,0,0,0,0,0
"https://openalex.org/W2105457461","10.1080/00029157.2010.10401745","A New Bioinformatics Paradigm for the Theory, Research, and Practice of Therapeutic Hypnosis","David Atkinson; Salvatore Iannotti; Mauro Cozzolino; Stefano Castiglione; Angela Cicatelli; Bhaskar Vyas; Jane Mortimer; Richard Hill; Erika Chovanec; Alessia Chiamberlando; Jorge Cuadros; Claude Virot; Michel Kerouac; Thierry Kallfass; Stanley Krippner; Claire Frederick; Bruce Gregory; Michael Shaffran; Margaret Bullock; Ella Soleimany; April Cybelle Rossi; Kathryn Rossi; Ernest Lawrence Rossi",2010,19,NA,NA,NA,NA,NA,NA,NA,NA,7,7,2,1,1,0,0,0,0,0,0,0,0,0,0,0,0,0,0,0,0
"https://openalex.org/W2031019516","10.1901/jaba.2010.43-653","DEVELOPMENT AND MODIFICATION OF A RESPONSE CLASS VIA POSITIVE AND NEGATIVE REINFORCEMENT: A TRANSLATIONAL APPROACH","Amber E. Mendres; John C. Borrero",2010,14,NA,NA,NA,NA,NA,NA,NA,NA,0,11,0,2,0,0,0,0,0,0,0,0,0,0,0,0,0,0,0,0,0
"https://openalex.org/W2003020011","10.1016/j.psc.2010.04.008","Augmentation of Cognitive Behavioral Therapy with Pharmacotherapy","K.A. Ganasen; J.C. Ipser; Dan J. Stein",2010,35,10,1,NA,NA,NA,NA,NA,NA,10,13,8,1,2,0,0,0,0,0,0,0,0,0,0,0,0,0,0,0,0
"https://openalex.org/W2109167188","10.1176/appi.ajp.2009.09071074","How the Neurocircuitry and Genetics of Fear Inhibition May Inform Our Understanding of PTSD","Tanja Jovanovic; Kerry J. Ressler",2010,363,23.55,1,NA,10,8,NA,1,1,165,130,10,3,15,0,0,0,0,0,0,0,6,0,0,0,0,0,0,0,0
"https://openalex.org/W2016383124","10.1016/j.cbpra.2009.06.006","The Association Between Self-Control and Hoarding: A Case Report","Kiara R. Timpano; Norman B. Schmidt",2010,9,NA,NA,NA,NA,NA,NA,NA,NA,4,4,0,0,0,0,0,0,0,0,0,0,0,0,0,0,0,0,0,0,0
"https://openalex.org/W2104597243","10.1901/jaba.2010.43-47","EFFECTS OF TREATMENT INTEGRITY FAILURES DURING DIFFERENTIAL REINFORCEMENT OF ALTERNATIVE BEHAVIOR: A TRANSLATIONAL MODEL","Claire St. Peter Pipkin; Timothy Vollmer; Kimberly N. Sloman",2010,176,NA,NA,NA,NA,NA,NA,NA,NA,48,102,1,11,0,1,1,0,0,0,1,0,0,0,1,0,0,0,1,0,0
"https://openalex.org/W2092505096","10.1080/16506070902980695","Depressive Rumination: Investigating Mechanisms to Improve Cognitive Behavioural Treatments","Edward R. Watkins",2009,65,NA,NA,NA,NA,NA,NA,NA,NA,55,7,2,0,0,0,0,0,0,0,0,0,0,0,0,0,0,0,0,0,0
"https://openalex.org/W2114049879","10.1111/j.1469-7610.2008.02034.x","The future of psychotherapy for mentally ill children and adolescents","John S. March",2009,38,NA,NA,NA,NA,NA,NA,NA,NA,23,6,7,0,0,0,0,0,0,0,0,0,0,0,0,1,0,0,0,0,0
"https://openalex.org/W2162680721","10.1002/da.20511","Extinction retention predicts improvement in social anxiety symptoms following exposure therapy","Angela C. Berry; David Rosenfield; Jasper A. J. Smits",2009,32,NA,NA,NA,NA,NA,NA,NA,NA,21,9,1,0,0,0,0,0,0,0,0,0,0,0,0,0,0,0,0,0,0
"https://openalex.org/W1984061997","10.1037/0003-066x.61.9.959","Translational research: How social psychology can improve psychotherapy.","Ty Tashiro; Laura Mortensen",2006,38,NA,NA,NA,NA,NA,NA,NA,NA,16,10,2,0,0,0,0,0,0,0,0,0,0,0,1,1,3,0,0,0,0
"https://openalex.org/W2015064284","10.1037/0022-006x.74.2.367","Self-system therapy as an intervention for self-regulatory dysfunction in depression: A randomized comparison with cognitive therapy.","Timothy J. Strauman; Angela Z. Vieth; Kari A. Merrill; Gregory G. Kolden; Teresa E. Woods; Marjorie H. Klein; Alison A. Papadakis; Kristin L. Schneider; Lori Kwapil",2006,124,15.5,NA,1,1,1,NA,NA,NA,76,14,7,1,0,0,0,0,0,1,0,0,2,0,0,0,0,0,1,0,0
"https://openalex.org/W1983804489","10.1093/clipsy.bph081","The basic science/clinical science interface and treatment development.","Timothy J. Strauman; Kari A. Merrill",2004,12,NA,NA,NA,NA,NA,NA,NA,NA,16,3,1,0,0,0,0,0,0,0,0,0,0,0,0,0,0,0,0,0,0
"https://openalex.org/W3155327340","10.1037/cps0000003","Specifying the mechanisms and targets of emotion regulation: A translational framework from affective science to psychological treatment.","Matthew W. Southward; Shannon Sauer-Zavala; Jennifer S. Cheavens",2021,10,6.85,NA,NA,12,4,NA,8,NA,10,1,0,0,0,0,0,0,0,0,0,0,0,0,0,0,0,0,0,0,0
"https://openalex.org/W3165559107","10.1016/j.neubiorev.2021.05.022","A unifying translational framework to advance treatment research for comorbid PTSD and substance use disorders","Denise A. Hien; Teresa Lopez-Castro; Skye Fitzpatrick; Lesia M. Ruglass; Eric A. Fertuck; Robert D. Melara",2021,7,5.95,NA,NA,8,5,2,1,NA,2,3,1,0,0,0,0,0,0,0,0,0,0,0,0,0,1,0,0,0,0
"https://openalex.org/W3006724384","10.1093/schbul/sbaa006","Reduced Auditory Mismatch Negativity Reflects Impaired Deviance Detection in Schizophrenia","Daisuke Koshiyama; Kenji Kirihara; Mariko Tada; Tatsuya Nagai; Mao Fujioka; Kaori Usui; Tsuyoshi Araki; Kiyoto Kasai",2020,24,2,NA,NA,4,2,1,NA,1,3,20,0,1,0,0,0,0,0,0,0,0,0,0,0,0,0,0,0,0,0
"https://openalex.org/W2965229771","10.3389/fpsyt.2019.00599","What Would Digital Early Intervention for Bipolar Disorder Look Like? Theoretical and Translational Considerations for Future Therapies","Greg Murray",2019,5,1.25,NA,NA,3,NA,1,1,1,7,0,1,0,0,0,0,0,0,0,0,0,0,0,0,0,0,0,0,0,0
"https://openalex.org/W3164647349","10.1016/j.chc.2021.04.014","Chronic Irritability in Youth","Ellen Leibenluft; Katharina Kircanski",2021,4,NA,NA,NA,NA,NA,NA,NA,NA,4,0,0,0,0,0,0,0,0,0,0,0,0,0,0,0,0,0,0,0,0
"https://openalex.org/W3034133837","10.1177/0013164420919898","Latent Variable Modeling and Adaptive Testing for Experimental Cognitive Psychopathology Research","Michael L. Thomas; Gregory G. Brown; Virginie M. Patt; John R Duffy",2021,1,NA,NA,NA,NA,NA,NA,NA,NA,0,3,0,0,0,0,0,0,0,0,0,0,0,0,0,0,0,0,0,0,0
"https://openalex.org/W3110503640","10.1016/j.conb.2020.11.007","Translational opportunities for circuit-based social neuroscience: advancing 21st century psychiatry","Charles L. Ford; Larry J. Young",2021,17,17.75,NA,NA,27,14,1,9,3,3,9,1,0,3,0,0,0,0,0,0,0,0,0,0,0,0,0,0,0,0
"https://openalex.org/W3108619027","10.1002/da.23119","Elevated costly avoidance in anxiety disorders: Patients show little downregulation of acquired avoidance in face of competing rewards for approach","Andre Pittig; Juliane M. Boschet; Valentina M. Glück; Kristina Schneider",2021,6,10.8,NA,NA,15,3,1,11,NA,3,5,0,0,0,0,0,0,0,0,0,0,0,0,0,0,0,0,0,0,0
"https://openalex.org/W3102999136","10.1016/j.biopsych.2020.08.030","Emerging Domain-Based Treatments for Pediatric Anxiety Disorders","Amit Lazarov; Yair Bar-Haim",2021,6,2.25,NA,NA,4,1,NA,1,2,5,2,0,0,0,0,0,0,0,0,0,0,0,0,0,0,0,0,0,0,0
"https://openalex.org/W2997029470","10.1016/j.ejpsy.2019.11.003","Diagnostic profiling in clinical translational research — a European perspective","C.M. van der Feltz-Cornelis",2020,2,NA,NA,NA,NA,NA,NA,NA,NA,0,0,2,0,0,0,0,0,0,0,0,0,0,0,0,0,0,0,0,0,0
"https://openalex.org/W3036190175","10.1007/s10488-020-01058-7","Assessing Stakeholder Perceptions of the Utility of Genetic Information for the Clinical Care of Mental Health Disorders: We Have a Will but Need to See the Way","Jessica L. Bourdon; John M. Hettema; Elizabeth Prom-Wormley; Michael A. Southam-Gerow",2021,1,1,NA,NA,1,NA,NA,1,NA,1,0,0,0,0,0,0,0,0,0,0,0,0,0,0,0,0,0,0,0,0
"https://openalex.org/W3023382228","10.1016/j.cpr.2020.101860","New directions in behavioral activation: Using findings from basic science and translational neuroscience to inform the exploration of potential mechanisms of change","Courtney N. Forbes",2020,21,19.93,NA,1,21,11,NA,10,NA,15,4,0,2,0,0,0,0,0,0,0,0,0,0,0,1,0,0,0,0,0
"https://openalex.org/W3008523340","10.1146/annurev-clinpsy-050718-095530","Epigenetics, Development, and Psychopathology","Kieran J. O’Donnell; Michael J. Meaney",2020,25,7.85,NA,NA,9,4,NA,4,1,5,6,3,0,7,0,0,0,0,0,0,0,0,0,2,1,1,0,0,0,0
"https://openalex.org/W3001021282","10.1037/emo0000675","Regulating positive emotions: Implications for promoting well-being in individuals with depression.","Rebecca L. Silton; Ian J. Kahrilas; Haley V. Skymba; Jennifer A. Smith; Fred B. Bryant; Wendy Heller",2020,23,0.25,NA,NA,1,1,NA,NA,NA,14,7,1,2,0,0,0,0,0,0,0,0,0,0,0,0,0,0,0,0,0
"https://openalex.org/W2990596783","10.1002/jeab.565","Renewal of fear and avoidance in humans to escalating threat: Implications for translational research on anxiety disorders","Michael W. Schlund; Madonna Ludlum; Sandy K. Magee; Erin B. Tone; Adam T. Brewer; David M. Richman; Simon Dymond",2020,8,1,NA,NA,2,1,NA,1,NA,3,6,0,1,0,0,0,0,0,0,0,0,0,0,0,0,0,0,0,0,0
"https://openalex.org/W2948932066","10.1037/abn0000406","A meta-analysis of bias at baseline in RCTs of attention bias modification: No evidence for dot-probe bias towards threat in clinical anxiety and PTSD.","Anne-Wil Kruijt; Sam Parsons; Elaine Fox",2019,49,10.45,NA,NA,16,11,NA,4,1,31,21,0,0,0,0,0,0,0,0,0,0,0,0,0,0,0,0,0,0,0
"https://openalex.org/W2937990063","10.1017/s0954579419000300","Inhibitory control and emotion dysregulation: A framework for research on anxiety","Elise M. Cardinale; Anni R. Subar; Melissa A. Brotman; Ellen Leibenluft; Katharina Kircanski; Daniel S. Pine",2019,10,0.5,NA,NA,1,1,NA,NA,NA,8,3,0,1,0,0,0,0,0,0,0,0,0,0,0,0,0,0,0,0,0
"https://openalex.org/W2891502746","10.1007/s40894-018-0092-5","Developmental Pathways from Early Behavioral Inhibition to Later Anxiety: An Integrative Review of Developmental Psychopathology Research and Translational Implications","Pan Liu; Koraly Pérez-Edgar",2019,10,5.08,NA,1,NA,NA,NA,NA,NA,10,2,0,0,0,0,0,0,0,0,0,0,0,0,0,0,0,0,0,0,0
"https://openalex.org/W2948565408","10.1016/j.brat.2019.103417","A commentary on research rigour in clinical psychological science: How to avoid throwing out the innovation baby with the research credibility bath water in the depression field","Barnaby D. Dunn; Heather O’Mahen; Kim Wright; Gary Brown",2019,8,17.3,NA,NA,26,7,8,10,1,7,1,0,0,0,0,0,0,0,0,0,0,0,0,0,0,0,0,0,0,0
"https://openalex.org/W2972516303","10.1037/tps0000199","Modeling trauma to develop treatments for posttraumatic stress.","Emily G. Lowery-Gionta; Matthew May; Rachel M. Taylor; Elizabeth M Bergman; Mahder T. Etuma; Isaac H. Jeong; Laurence Simmons; Matthew C. Ventura; Vincent F. Capaldi; Liana M. Matson; Nicole L. T. Moore",2019,2,3,NA,NA,NA,NA,NA,NA,NA,0,0,1,0,0,0,0,0,0,0,0,0,0,0,0,0,0,0,0,0,0
"https://openalex.org/W2921576925","10.1038/s41380-019-0383-7","Resilience as a translational endpoint in the treatment of PTSD","Gopalkumar Rakesh; Rajendra A. Morey; Anthony S. Zannas; Zainab Malik; Christine E. Marx; Ashley N. Clausen; Michael D. Kritzer; Steven T. Szabo",2019,29,19.43,1,1,9,6,1,2,NA,23,9,2,0,1,0,0,0,0,0,0,0,0,0,0,0,0,0,0,0,0
"https://openalex.org/W2946375157","10.1016/j.brat.2019.103411","Opportunities for the prevention of mental disorders by reducing general psychopathology in early childhood","Miriam K. Forbes; Ronald M. Rapee; Robert F. Krueger",2019,26,2.5,NA,NA,3,1,1,1,NA,24,4,1,0,0,0,0,0,0,0,0,0,0,0,0,0,0,0,0,0,0
"https://openalex.org/W2908237489","10.1016/j.neubiorev.2019.01.007","Overcoming avoidance in anxiety disorders: The contributions of Pavlovian and operant avoidance extinction methods","Simon Dymond",2019,32,5.35,NA,NA,9,5,1,3,NA,13,16,3,0,1,0,0,0,0,0,0,0,0,0,0,0,0,0,0,0,0
"https://openalex.org/W2891291514","10.1016/j.biopsych.2018.09.004","Leveraging Neuroplasticity to Enhance Adaptive Learning: The Potential for Synergistic Somatic-Behavioral Treatment Combinations to Improve Clinical Outcomes in Depression","Samuel T. Wilkinson; Paul E. Holtzheimer; Shan Gao; David S. Kirwin; Rebecca B. Price",2019,33,1.25,NA,NA,1,1,NA,NA,NA,10,14,6,0,0,0,0,0,0,0,0,0,0,0,0,0,0,0,0,0,0
"https://openalex.org/W2765341753","10.1007/s11121-017-0851-8","Personalizing and Optimizing Preventive Intervention Models via a Translational Neuroscience Framework","Diana Fishbein; Jacinda K. Dariotis",2019,9,NA,NA,NA,NA,NA,NA,NA,NA,4,5,0,1,0,0,0,0,0,0,0,0,0,0,0,1,0,0,0,0,0
"https://openalex.org/W2902187754","10.1037/ccp0000320","Go/no-go training changes food evaluation in both morbidly obese and normal-weight individuals.","Zhang Chen; Harm Veling; Stijn P. de Vries; Bas Olde Bijvank; Ignace M. C. Janssen; Ap Dijksterhuis; Rob W. Holland",2018,23,0.5,NA,NA,1,1,NA,NA,NA,8,17,2,0,0,0,0,0,0,0,0,0,0,0,0,0,0,0,0,0,0
"https://openalex.org/W2809888716","10.1176/appi.neuropsych.17100200","Bridging the Great Divide: What Can Neurology Learn From Psychiatry?","David L. Perez; Matcheri S. Keshavan; Jeremiah M. Scharf; Aaron D. Boes; Bruce H. Price",2018,40,26.1,NA,NA,39,20,5,11,3,5,9,15,2,0,0,0,0,1,0,0,0,0,0,0,0,0,0,1,0,0
"https://openalex.org/W2896686639","10.3389/fpsyt.2018.00513","Metabolic and Microbiota Measures as Peripheral Biomarkers in Major Depressive Disorder","Rachael G. Horne; Jane A. Foster",2018,21,21.38,NA,1,22,10,2,8,2,4,1,5,0,12,0,0,0,0,0,0,0,0,0,0,0,1,0,0,0,0
"https://openalex.org/W2888709897","10.1007/s10567-018-0267-4","(Re)Conceptualizing Sleep Among Children with Anxiety Disorders: Where to Next?","Candice A. Alfano",2018,16,36.08,4,1,NA,NA,NA,NA,NA,14,1,0,0,0,0,0,0,0,0,0,0,0,0,0,0,0,0,0,0,0
"https://openalex.org/W2980562260","10.1038/s41386-019-0552-z","Augmenting extinction learning with d-cycloserine reduces return of fear: a randomized, placebo-controlled fMRI study","Claudia Ebrahimi; Johanna Gechter; Ulrike Lueken; Florian Schlagenhauf; Hans-Ulrich Wittchen; Alfons O. Hamm; Andreas Ströhle",2020,11,3.6,NA,NA,5,3,1,1,NA,4,9,0,0,0,0,0,0,0,0,0,0,0,0,0,0,0,0,0,0,0
"https://openalex.org/W2766635959","10.1017/sjp.2017.41","A Question of Control? Examining the Role of Control Conditions in Experimental Psychopathology using the Example of Cognitive Bias Modification Research","Simon E. Blackwell; Marcella L. Woud; Colin MacLeod",2017,32,5.95,NA,NA,10,2,2,6,NA,27,12,2,2,0,0,0,0,0,0,0,0,0,0,0,0,0,0,0,0,0
"https://openalex.org/W2097281254","10.3109/10253890.2011.644604","Neuropattern: A new translational tool to detect and treat stress pathology I. Strategical consideration","Dirk H. Hellhammer; Torsten Hero; Friedemann Gerhards; J. Hellhammer",2012,26,NA,NA,NA,NA,NA,NA,NA,NA,18,6,3,1,1,0,0,0,0,0,0,0,0,0,0,0,0,0,0,0,0
"https://openalex.org/W3101149835","10.1016/j.cpr.2020.101952","Conceptualizing eating disorder psychopathology using an anxiety disorders framework: Evidence and implications for exposure-based clinical research","Katherine Schaumberg; Erin E. Reilly; Sasha Gorrell; Cheri A. Levinson; Nicholas R. Farrell; Tiffany A. Brown; Kathryn M. Smith; Lauren M. Schaefer; Jamal H. Essayli; Ann F. Haynos; Drew A. Anderson",2021,16,29.63,NA,1,35,17,4,13,NA,17,1,0,0,0,0,0,0,0,0,0,0,0,0,0,0,0,0,0,0,0
"https://openalex.org/W2112502352","10.1017/s0954579406060391","Translational science in action: Hostile attributional style and the development of aggressive behavior problems","Kenneth A. Dodge",2006,496,3.25,NA,NA,NA,NA,NA,NA,NA,158,216,2,3,0,1,0,0,0,0,0,0,0,2,1,5,0,1,1,0,0
"https://openalex.org/W2168543312","10.1017/s0954579406060317","Building bridges and crossing them: Translational research in developmental psychopathology","Dante Cicchetti; Sheree L. Toth",2006,52,NA,NA,NA,NA,NA,NA,NA,NA,25,17,4,1,0,0,0,0,0,0,0,0,0,0,1,0,0,0,1,0,0
"https://openalex.org/W599295124","10.1016/j.neuroscience.2015.06.012","Preventing long-lasting fear recovery using bilateral alternating sensory stimulation: A translational study","Hélène Wurtz; M. El-Khoury-Malhame; Frank H. Wilhelm; Tanja Michael; Eva Maria Beetz; J. Roques; Emmanuelle Reynaud; Julien Courtin; Stéphanie Khalfa; Cyril Herry",2016,17,1.25,NA,NA,3,2,NA,1,NA,7,8,1,1,0,0,0,0,0,0,0,0,0,0,0,0,0,0,0,0,0
"https://openalex.org/W2973072420","10.1016/j.neubiorev.2019.09.020","Making translation work: Harmonizing cross-species methodology in the behavioural neuroscience of Pavlovian fear conditioning","Jan Haaker; Stephen Maren; Marta Andreatta; Christian J. Merz; Jan Richter; S. Helene Richter; Shira Meir Drexler; Maren D. Lange; Kay Jüngling; Frauke Nees; Thomas Seidenbecher; Miquel A. Fullana; Carsten T. Wotjak; Tina B. Lonsdorf",2019,38,13.55,NA,NA,27,14,2,11,NA,7,27,0,1,1,0,0,0,0,0,0,0,0,0,0,0,0,0,0,0,0
"https://openalex.org/W1976474511","10.1016/j.psyneuen.2010.05.003","A translational research framework for enhanced validity of mouse models of psychopathological states in depression","Christopher R. Pryce; Erich Seifritz",2011,38,NA,NA,NA,NA,NA,NA,NA,NA,17,18,3,0,1,0,0,0,0,0,0,0,0,0,0,0,0,0,0,0,0
"https://openalex.org/W2552268464","10.1080/15374416.2016.1239539","Toward Dynamic Adaptation of Psychological Interventions for Child and Adolescent Development and Mental Health","Tina Malti; Gil G. Noam; Andreas Beelmann; Simon Sommer",2016,30,1.5,NA,NA,2,2,NA,NA,NA,6,17,4,1,0,0,0,0,0,0,0,0,0,0,0,4,0,0,0,0,0
"https://openalex.org/W3017130587","10.1038/s41398-020-0786-x","Facilitating translational science in anxiety disorders by adjusting extinction training in the laboratory to exposure-based therapy procedures","Maike Hollandt; Adrian Wroblewski; Yunbo Yang; Isabelle C. Ridderbusch; Tilo Kircher; Alfons O. Hamm; Benjamin Straube; Jan Richter",2020,13,3.85,NA,NA,6,3,NA,2,1,2,8,0,0,0,0,0,0,0,0,0,0,0,0,0,0,0,0,0,0,0
"https://openalex.org/W2955246299","10.1007/s00278-019-0366-9","Biomolekulare Vulnerabilitätsfaktoren psychischer Erkrankungen","Melissa Hitzler; Alexander Karabatsiakis; Iris-Tatjana Kolassa",2019,4,NA,NA,NA,NA,NA,NA,NA,NA,1,1,2,0,0,0,0,0,0,0,0,0,0,0,0,0,0,0,0,0,0
"https://openalex.org/W3196592077","10.1027/2151-2604/a000447","A Social Psychological Toolbox for Clinical Psychology","Klaus Fiedler; David J. Grüning",2021,1,NA,NA,NA,NA,NA,NA,NA,NA,0,1,0,1,0,0,0,0,0,0,0,0,0,0,0,0,1,0,0,0,0
"https://openalex.org/W4280500746","10.1016/j.cpr.2022.102163","(When and how) does basic research in clinical psychology lead to more effective psychological treatment for mental disorders?","Thomas Ehring; Karina Limburg; Anna E. Kunze; Charlotte E. Wittekind; Gabriela G. Werner; Larissa Wolkenstein; Melike Guzey; Barbara Cludius",2022,0,16.65,NA,NA,26,23,1,NA,2,1,0,0,0,0,0,0,0,0,0,0,0,0,0,0,0,0,0,0,0,0
"https://openalex.org/W3128059430","10.1176/appi.ajp.2020.19121231","Intrusive Traumatic Reexperiencing: Pathognomonic of the Psychological Response to Traumatic Stress","Yair Bar-Haim; Murray B. Stein; Richard A. Bryant; Paul D. Bliese; Ariel Ben Yehuda; Morten L. Kringelbach; Sonia Jain; Orrie Dan; Amit Lazarov; Ilan Wald; Ofir Levi; Yuval Neria; Daniel S. Pine",2021,9,3.75,NA,NA,5,4,NA,1,NA,4,3,1,0,0,0,0,0,0,0,0,0,0,0,0,0,0,0,0,0,0
"https://openalex.org/W4224305558","10.1016/j.biopsych.2022.04.004","Impact of Maternal Immune Activation on Nonhuman Primate Prefrontal Cortex Development: Insights for Schizophrenia","Kari L. Hanson; Simone E. Grant; Lucy H. Funk; Cynthia M. Schumann; Melissa D. Bauman",2022,2,1,NA,NA,1,NA,NA,1,NA,0,2,0,0,0,0,0,0,0,0,0,0,0,0,0,0,0,0,0,0,0
"https://openalex.org/W4225249864","10.1016/j.biopsych.2022.04.010","Hyperreactivity and Impaired Habituation of Startle Amplitude During Unpleasant Pictures in Borderline but Not Schizotypal Personality Disorder: Quantifying Emotion Dysregulation","Erin A. Hazlett; Kim E. Goldstein; M. Mehmet Haznedar; Margaret M. McClure; M. Mercedes Perez-Rodriguez; Antonia S. New; Marianne Goodman; Usha Govindarajulu; Kalpana Nidhi Kapil-Pair; Abigail Feinberg; Emma Smith; Elen-Sarrah Dolgopolskaia",2022,0,3.95,NA,NA,6,3,1,2,NA,0,0,0,0,0,0,0,0,0,0,0,0,0,0,0,0,0,0,0,0,0
"https://openalex.org/W3120002157","10.3389/fpsyg.2020.603385","Compassion As an Intervention to Attune to Universal Suffering of Self and Others in Conflicts: A Translational Framework","S. Shaun Ho; Yoshio Nakamura; James E. Swain",2021,6,0.25,NA,NA,1,NA,NA,NA,1,3,2,0,0,0,0,0,0,0,0,0,0,0,0,0,1,0,0,0,0,0
"https://openalex.org/W4213292657","10.1016/j.neubiorev.2022.104578","Treatment-Resistant Depression with Anhedonia: Integrating Clinical and Preclinical Approaches to Investigate Distinct Phenotypes","Chris A Kelly; Kevin B Freeman; Julie A Schumacher",2022,1,NA,NA,NA,NA,NA,NA,NA,NA,0,0,1,0,0,0,0,0,0,0,0,0,0,0,0,0,0,0,0,0,0
"https://openalex.org/W4214586747","10.1177/09637214211051363","Research Domain Criteria (RDoC): Progress and Potential","Bruce N. Cuthbert",2022,4,14.6,NA,1,7,6,NA,1,NA,4,2,0,0,0,0,0,0,0,0,0,0,0,0,0,0,0,0,0,0,0
"https://openalex.org/W4205237793","10.1038/s41386-021-01263-4","Measuring maladaptive avoidance: from animal models to clinical anxiety","Tali M. Ball; Lisa A. Gunaydin",2022,3,17.65,NA,NA,36,18,4,14,NA,0,4,0,0,0,0,0,0,0,0,0,0,0,0,0,0,0,0,0,0,0
"https://openalex.org/W4210815278","10.1002/cpp.2719","Minding my brain: Fourteen neuroscience‐based principles to enhance psychotherapy responsiveness","Bruno Faustino",2022,0,NA,NA,NA,NA,NA,NA,NA,NA,0,0,0,0,0,0,0,0,0,0,0,0,0,0,0,0,0,0,0,0,0
"https://openalex.org/W4206412134","10.1037/hea0001095","From ideas to interventions: A review and comparison of frameworks used in early phase behavioral translation research.","Susan M. Czajkowski; Christine M. Hunter",2021,3,3.35,NA,NA,6,2,NA,4,NA,NA,NA,NA,NA,NA,NA,NA,NA,NA,NA,NA,NA,NA,NA,NA,NA,NA,NA,NA,NA,NA
"https://openalex.org/W3176797274","10.1002/da.23170","Cannabinoid polymorphisms interact with plasma endocannabinoid levels to predict fear extinction learning","Luke J. Ney; Allison Matthews; Chia-Ming K. Hsu; Daniel V. Zuj; Emma Nicholson; Trevor Steward; David Nichols; Bronwyn M. Graham; Ben J. Harrison; Raimondo Bruno; Kim L Felmingham",2021,9,3.25,NA,NA,4,3,NA,1,NA,1,6,2,0,0,0,0,0,0,0,0,0,0,0,0,0,0,0,0,0,0
"https://openalex.org/W2795223485","10.1111/jep.12914","Translational neuroscience and psychiatry: A conceptual analysis","Ivana Marková",2018,8,NA,NA,NA,NA,NA,NA,NA,NA,2,3,1,1,0,0,0,0,0,0,0,0,0,0,0,0,0,0,0,0,0
"https://openalex.org/W2808789761","10.1037/bar0000112","Toward a better basic understanding of operant-respondent interactions: Translational research on phobias.","Adam T. Brewer; Anita Li; Yanerys Leon; Joshua K. Pritchard; Laura B. Turner; David M. Richman",2018,0,8.08,NA,1,1,1,NA,NA,NA,0,0,0,0,0,0,0,0,0,0,0,0,0,0,0,0,0,0,0,0,0
"https://openalex.org/W2803975630","10.1002/jaba.471","Renewal during functional communication training","Valdeep Saini; William E. Sullivan; Emily L. Baxter; Nicole M. DeRosa; Henry S. Roane",2018,30,NA,NA,NA,NA,NA,NA,NA,NA,14,18,0,2,0,0,0,0,0,0,0,0,0,0,0,0,0,0,0,0,0
"https://openalex.org/W2793474030","10.1016/j.chiabu.2018.03.002","Evaluation of an intervention promoting emotion regulation skills for adults with persisting distress due to adverse childhood experiences","Linda D. Cameron; Paul Carroll; W. Kyle Hamilton",2018,83,6.95,NA,NA,6,5,1,NA,NA,25,38,6,9,0,0,0,0,0,0,1,0,0,0,1,0,0,1,1,1,0
"https://openalex.org/W2586295443","10.3389/fpsyg.2017.00098","Emotion Regulation Therapy: A Mechanism-Targeted Treatment for Disorders of Distress","Megan E. Renna; Jean M. Quintero; David M. Fresco; Douglas S. Mennin",2017,62,14.85,1,NA,4,1,1,2,NA,67,8,1,0,0,0,0,0,0,0,0,0,0,0,1,0,0,0,0,0,0
"https://openalex.org/W2559088788","10.1038/npp.2016.183","Error Processing in Depressive States: A Translational Opportunity?","Diego A. Pizzagalli; William A. Carlezon",2017,1,3.35,NA,NA,7,3,1,2,1,0,0,1,0,0,0,0,0,0,0,0,0,0,0,0,0,0,0,0,0,0
"https://openalex.org/W2618775745","10.1177/1524839917710454","MAP-IT: A Practical Tool for Planning Complex Behavior Modification Interventions","Sylvia Hansen; Martina Kanning; Romy Lauer; Jürgen M. Steinacker; Wolfgang Schlicht",2017,17,3.85,NA,NA,8,6,2,NA,NA,3,4,6,1,0,0,0,0,0,0,0,0,0,0,0,0,0,0,0,0,0
"https://openalex.org/W2588837309","10.1016/j.beproc.2017.02.013","Basing assessment and treatment of problem behavior on behavioral momentum theory: Analyses of behavioral persistence","Kelly M. Schieltz; David P. Wacker; Joel E. Ringdahl; Wendy K. Berg",2017,7,0.5,NA,NA,1,NA,NA,NA,1,1,5,0,0,0,0,0,0,0,0,1,0,0,0,0,0,0,0,0,0,0
"https://openalex.org/W2625991637","10.1037/pri0000044","Innovations in the practice of culturally competent suicide risk management.","Joyce Chu; Brandon Hoeflein; Peter Goldblum; Bruce Bongar; Genevieve M. Heyne; Natasha Gadinsky; Matthew D. Skinta",2017,5,NA,NA,NA,NA,NA,NA,NA,NA,4,3,0,0,0,0,0,0,0,0,0,0,0,0,0,0,0,0,0,0,0
"https://openalex.org/W2612816498","10.1146/annurev-clinpsy-032816-044941","Irritability in Children and Adolescents","Melissa A. Brotman; Katharina Kircanski; Ellen Leibenluft",2017,102,0.5,NA,NA,1,NA,NA,1,NA,86,8,4,1,0,0,0,0,0,0,0,0,0,0,0,0,0,0,0,0,0
"https://openalex.org/W2557708428","10.3389/fnagi.2016.00280","Cognitive Intervention As an Early Non-pharmacological Strategy in Alzheimer's Disease: A Translational Perspective","Sarah Wehle Gehres; Andreia Silva da Rocha; Antoine Leuzy; Cássio Morais Loss; Giordano Gubert Viola; Eduardo R. Zimmer",2016,5,11.6,1,NA,5,2,NA,2,1,1,4,1,0,0,0,0,0,0,0,0,0,0,0,0,0,0,0,0,0,0
"https://openalex.org/W2493230508","10.1007/s00115-016-0169-y","Das deutsche Forschungsnetz zu psychischen Erkrankungen","Michael Bauer; Tobias Banaschewski; Andreas Heinz; Inge Kamp-Becker; Andreas Meyer-Lindenberg; Frank Padberg; Michael A. Rapp; R. Rupprecht; Friederike Schneider; Thomas G. Schulze; Hans-Ulrich Wittchen",2016,7,NA,NA,NA,NA,NA,NA,NA,NA,3,0,1,0,0,0,0,0,0,0,0,0,0,0,0,1,1,0,0,0,0
"https://openalex.org/W2477310620","10.1111/cpsp.12166","Translational applications of personality science for the conceptualization and treatment of psychopathology.","Gregory J. Lengel; Ashley C. Helle; Hilary L. DeShong; Neil A. Meyer; Stephanie N. Mullins-Sweatt",2016,24,2,NA,NA,3,NA,NA,3,NA,37,20,1,5,0,0,0,1,0,0,0,0,0,0,2,0,3,0,0,1,0
"https://openalex.org/W2444393725","10.1037/per0000106","Mentalization in borderline personality disorder: From bench to bedside.","Carla Sharp; Allison Kalpakci",2015,24,2.25,NA,NA,4,3,NA,1,NA,27,3,1,0,0,0,0,0,0,0,0,0,0,0,0,0,0,0,0,0,0
"https://openalex.org/W2129138901","10.1016/j.tics.2015.08.003","Mental Imagery: Functional Mechanisms and Clinical Applications","Joel Pearson; Thomas Naselaris; Emily A. Holmes; Stephen M. Kosslyn",2015,484,216.436,20,4,46,26,3,15,1,101,265,11,63,4,0,0,4,0,2,0,0,0,5,1,1,9,0,3,1,0
"https://openalex.org/W985030052","10.1037/per0000135","Next steps in research on aggression in borderline personality disorder: Commentary on “Aggression in borderline personality disorder—A multidimensional model”.","Lori N. Scott; Paul A. Pilkonis",2015,3,NA,NA,NA,NA,NA,NA,NA,NA,2,0,0,0,0,0,0,0,0,0,0,0,0,0,0,0,0,0,0,0,0
"https://openalex.org/W2051661459","10.1016/j.biopsych.2015.02.007","Estrogen and Extinction of Fear Memories:Implications for Posttraumatic Stress Disorder Treatment","Ebony M. Glover; Tanja Jovanovic; Seth D. Norrholm",2015,70,19,1,NA,9,8,1,NA,NA,36,23,6,1,3,0,0,0,0,0,0,0,0,0,0,0,0,0,0,0,0
"https://openalex.org/W4246371004","10.2174/221067660502150430155038","Trauma Interventions using Mindfulness Based Extinction and Reconsolidation (TIMBER<sup>©</sup>) as Monotherapy for Chronic PTSD: A Pilot Study","Basant Pradhan; Richard Gray; Tapan Parikh; Padmalatha Akkireddi; Andres Pumariega",2015,10,NA,NA,NA,NA,NA,NA,NA,NA,12,0,0,0,0,0,0,0,0,0,0,0,0,0,0,0,0,0,0,0,0
"https://openalex.org/W1979628401","10.1111/famp.12143","Prevention and Intervention Research With Latino Families: A Translational Approach","Gabriela L. Stein; Linda E. Guzman",2015,18,4,NA,NA,1,1,NA,NA,NA,9,5,0,0,0,0,0,0,0,0,0,0,0,0,3,1,0,0,0,0,0
"https://openalex.org/W2137049827","10.1093/jpepsy/jsu108","A Systematic Review: Is There an App for That? Translational Science of Pediatric Behavior Change for Physical Activity and Dietary Interventions","Erin E. Brannon; Christopher C. Cushing",2015,83,8.4,NA,NA,11,7,NA,3,1,15,30,25,9,0,0,0,0,0,0,0,0,0,0,0,0,0,0,0,0,0
"https://openalex.org/W2001913342","10.1037/a0036568","Health psychology and translational genomic research: Bringing innovation to cancer-related behavioral interventions.","Colleen M. McBride; Wendy C. Birmingham; Anita Y. Kinney",2015,24,2.75,NA,NA,5,4,NA,NA,1,2,6,14,1,0,0,0,0,0,0,0,0,0,0,1,0,0,0,0,0,0
"https://openalex.org/W2008083196","10.1016/j.bbr.2014.07.028","Serotonin in fear conditioning processes","Elizabeth P. Bauer",2015,100,NA,NA,NA,NA,NA,NA,NA,NA,13,54,9,1,11,0,0,0,0,0,0,0,6,0,0,0,0,0,0,0,0
"https://openalex.org/W1994673996","10.1038/npp.2013.317","D-Cycloserine Augmentation of Exposure Therapy for Post-Traumatic Stress Disorder: A Pilot Randomized Clinical Trial","JoAnn Difede; Judith Cukor; Katarzyna Wyka; Megan Olden; Hunter G. Hoffman; Francis S. Lee; Margaret Altemus",2014,157,166.5,18,1,5,2,3,NA,NA,99,34,17,3,2,0,0,0,0,0,0,0,2,0,0,0,1,0,0,0,0
"https://openalex.org/W2041755088","10.1002/j.1556-6678.2010.tb00043.x","The ABCs of CBT (Cognitive Behavior Therapy): Evidence-Based Approaches to Child Anxiety in Public School Settings","Lynn D. Miller; Christina Short; E. Jane Garland; Sandra Clark",2010,21,NA,NA,NA,NA,NA,NA,NA,NA,11,6,0,0,0,0,0,0,0,0,0,0,0,0,0,0,0,0,0,0,0
"https://openalex.org/W1981597802","10.1016/j.janxdis.2010.02.009","d-Cycloserine for the augmentation of an attentional training intervention for trait anxiety","Evelyn Behar; R. Kathryn McHugh; Andrew D. Peckham; Michael Otto",2010,18,NA,NA,NA,NA,NA,NA,NA,NA,10,6,2,0,0,0,0,0,0,0,0,0,0,0,0,0,0,0,0,0,0
"https://openalex.org/W2068927945","10.1007/s10566-010-9094-6","D-Cycloserine Augmentation of Cognitive-Behavioral Therapy: Directions for Pilot Research in Pediatric Obsessive-Compulsive Disorder","Eric A. Storch; Dean McKay; Jeannette M. Reid; Daniel A. Geller; Wayne K. Goodman; Adam B. Lewin; Tanya K. Murphy",2010,10,NA,NA,NA,NA,NA,NA,NA,NA,12,1,1,0,0,0,0,0,0,0,0,0,0,0,0,0,0,0,0,0,0
"https://openalex.org/W2033508894","10.1097/iyc.0b013e3181d22e14","Early Intervention Approaches to Enhance the Peer-Related Social Competence of Young Children With Developmental Delays","Michael J. Guralnick",2010,63,3.75,NA,NA,1,NA,NA,NA,1,12,35,10,6,0,0,1,0,0,0,0,0,0,0,2,0,0,0,0,0,0
"https://openalex.org/W2079657742","10.1188/14.cjon.s3.38-58","Putting Evidence Into Practice: An Update of Evidence-Based Interventions for Cancer-Related Fatigue During and Following Treatment","Sandra A. Mitchell; Amy J. Hoffman; Jane C. Clark; Regina M. DeGennaro; Patricia Poirier; Carolene B. Robinson; Breanna L. Weisbrod",2014,88,0.5,NA,NA,NA,NA,NA,NA,NA,24,2,60,1,0,0,0,0,0,0,0,0,0,0,0,0,1,0,0,0,0
"https://openalex.org/W2333096254","10.1097/nmd.0000000000000188","Empirically Supported Psychological Treatments","Dawson Church; David Feinstein; Julie Palmer-Hoffman; Phyllis K. Stein; Anthony Tranguch",2014,23,5.5,NA,NA,4,1,NA,2,1,22,5,1,0,0,0,0,0,0,0,0,0,0,0,0,0,1,0,0,0,0
"https://openalex.org/W2008475506","10.1016/j.brat.2014.07.007","Hungry for reward: How can neuroscience inform the development of treatment for Anorexia Nervosa?","Rebecca J. Park; Lauren R. Godier-McBard; Felicity A. Cowdrey",2014,63,2.25,NA,NA,3,2,NA,1,NA,38,16,5,1,3,0,0,0,0,0,0,0,0,0,0,0,0,0,0,0,0
"https://openalex.org/W2315685001","10.1037/xge0000016","Memories of traumatic events in childhood fade after experiencing similar less stressful events: Results from two natural experiments.","Carl F. Weems; Justin D. Russell; Donice M. Banks; Rebecca A. Graham; Erin L. Neill; Brandon G. Scott",2014,26,3,NA,NA,3,2,NA,NA,1,12,10,2,0,0,0,0,1,0,0,0,0,0,1,0,0,0,0,0,0,0
"https://openalex.org/W2323072403","10.1097/hrp.0000000000000034","Adolescent Depression","Randy P. Auerbach; Roee Admon; Diego A. Pizzagalli",2014,62,0.5,NA,NA,1,1,NA,NA,NA,46,8,1,0,0,0,0,0,0,0,0,0,0,0,0,0,0,0,0,0,0
"https://openalex.org/W2013335489","10.1177/2167702613497932","Reenvisioning Clinical Science","Lisa Simon Onken; Kathleen M. Carroll; Varda Shoham; Bruce N. Cuthbert; Melissa Riddle",2014,401,54,5,1,1,NA,NA,1,NA,170,49,92,11,0,0,0,0,0,0,0,0,0,0,1,2,0,0,2,0,0
"https://openalex.org/W2331951322","10.1037/a0035892","Basic sleep and circadian science as building blocks for behavioral interventions: A translational approach for mood disorders.","Lauren D. Asarnow; Adriane M. Soehner; Allison G. Harvey",2014,11,1.25,NA,NA,3,2,NA,NA,1,3,4,4,0,0,0,0,0,0,0,0,0,0,0,0,0,0,0,0,0,0
"https://openalex.org/W2088212731","10.1038/npp.2008.113","Challenges in Developing Novel Treatments for Childhood Disorders: Lessons from Research on Anxiety","Daniel S. Pine; Sarah M. Helfinstein; Yair Bar-Haim; Eric E. Nelson; Nathan A. Fox",2009,157,0.75,NA,NA,1,1,NA,NA,NA,104,43,5,1,1,0,0,0,0,0,0,0,1,1,0,0,0,0,0,0,0
"https://openalex.org/W2052735846","10.1038/npp.2008.170","Bridging Bench and Practice: Translational Research for Schizophrenia and Other Psychotic Disorders","Philip S. Wang; Robert K. Heinssen; Molly Oliveri; Ann Wagner; Wayne K. Goodman",2009,13,NA,NA,NA,NA,NA,NA,NA,NA,3,5,5,1,0,0,0,0,0,0,0,0,0,0,0,0,0,0,0,0,0
"https://openalex.org/W171338788","10.1007/bf03392189","Translational behavior analysis: From laboratory science in stimulus control to intervention with persons with neurodevelopmental disabilities","William J. McIlvane",2009,16,0.5,NA,NA,1,1,NA,NA,NA,1,9,0,3,0,0,0,0,0,0,0,0,0,0,0,0,1,0,0,0,0
"https://openalex.org/W2002790322","10.1017/s003329170800398x","Pathways from science findings to health benefits","Michael Rutter; Robert Plomin",2009,18,NA,NA,NA,NA,NA,NA,NA,NA,7,8,4,1,1,1,1,0,0,0,0,0,0,0,0,0,0,0,0,0,0
"https://openalex.org/W2282853134","10.1002/da.20529","Evidence-based treatments for anxiety and depression: lost in translation?","Jürgen Unützer",2008,10,NA,NA,NA,NA,NA,NA,NA,NA,2,4,3,0,0,0,0,0,0,0,0,0,0,0,0,0,0,0,1,0,0
"https://openalex.org/W2112921054","10.1111/j.1467-8721.2008.00617.x","Translating Family-Focused Prevention Science Into Effective Practice","Richard Spoth",2008,38,NA,NA,NA,NA,NA,NA,NA,NA,15,9,8,1,0,0,0,0,0,0,0,0,0,0,2,2,0,0,0,0,0
"https://openalex.org/W2159630298","10.1016/j.biopsych.2008.01.012","A Meta-Analysis of D-Cycloserine and the Facilitation of Fear Extinction and Exposure Therapy","Melissa M. Norberg; John H. Krystal; David F. Tolin",2008,435,13,NA,NA,NA,NA,NA,NA,NA,226,128,39,6,5,0,0,0,0,1,0,0,7,0,0,1,2,0,0,0,0
"https://openalex.org/W2062599752","10.1016/j.cpr.2007.04.001","Borderline personality disorder and emotional responding: A review of the research literature","M. Zachary Rosenthal; Kim L. Gratz; David S. Kosson; Jennifer S. Cheavens; Carl W. Lejuez; Thomas R. Lynch",2008,197,3,NA,NA,NA,NA,NA,NA,NA,183,6,3,0,0,0,0,0,0,0,0,0,0,0,0,0,0,0,0,0,0
"https://openalex.org/W1488632761","10.1111/ap.12037","The Intersect of Theory, Methods, and Translation in Guiding Interventions for the Promotion of Physical Activity: A Case Example of a Research Programme","Ronald C. Plotnikoff; Philip J. Morgan; David R. Lubans; Ryan E. Rhodes; Sarah A. Costigan",2014,5,NA,NA,NA,NA,NA,NA,NA,NA,2,3,0,0,0,0,0,0,0,0,0,0,0,0,0,0,0,0,0,0,0
"https://openalex.org/W1964976320","10.1007/s10608-014-9604-1","Travellers’ Tales in Cognitive Bias Modification Research: A Commentary on the Special Issue","Elaine Fox; Bundy Mackintosh; Emily A. Holmes",2014,24,1.5,NA,NA,2,1,NA,1,NA,16,9,0,1,0,0,0,0,0,0,0,0,0,0,0,0,0,0,0,0,0
"https://openalex.org/W2113875646","10.1017/s095457941300062x","A translational neuroscience framework for the development of socioemotional functioning in health and psychopathology","Jillian Lee Wiggins; Christopher S. Monk",2013,11,NA,NA,NA,NA,NA,NA,NA,NA,8,3,0,0,0,0,0,0,0,0,0,0,0,0,0,0,0,0,0,0,0
"https://openalex.org/W2154003712","10.1037/0735-7028.38.3.278","Health care for the whole person: Research update.","Nadine J. Kaslow; Annie M. Bollini; Benjamin G. Druss; Robert L. Glueckauf; Lewis R. Goldfrank; Kelly J. Kelleher; Annette M. La Greca; R. Enrique Varela; Samuel S.-H. Wang; Linda Weinreb; Lonnie K. Zeltzer",2007,28,NA,NA,NA,NA,NA,NA,NA,NA,14,8,5,1,0,0,0,0,0,0,0,0,0,0,1,0,0,0,1,0,0
"https://openalex.org/W1981311070","10.1017/s0954579406060457","Asserting the role of biobehavioral sciences in translational research: The behavioral neurobiology revolution","Stephen W. Porges",2006,19,NA,NA,NA,NA,NA,NA,NA,NA,8,3,2,0,0,0,0,0,0,0,0,0,0,0,0,0,0,0,0,0,0
"https://openalex.org/W2114594413","10.1017/s0954579406060330","Bringing basic research on early experience and stress neurobiology to bear on preventive interventions for neglected and maltreated children","Megan R. Gunnar; Philip A. Fisher",2006,290,NA,NA,NA,NA,NA,NA,NA,NA,151,81,20,1,3,0,0,1,0,0,0,0,0,1,0,0,2,2,1,0,0
"https://openalex.org/W2027706707","10.1016/j.brat.2006.06.001","Risk-factor research and prevention programs for anxiety disorders: A translational research framework","Michael J. Zvolensky; Norman B. Schmidt; Amit Bernstein; Meghan E. Keough",2006,94,3,NA,NA,NA,NA,NA,NA,NA,79,3,1,1,0,0,0,0,0,0,0,0,0,0,1,0,0,0,0,0,0
"https://openalex.org/W2137765279","10.1017/s1092852900010439","Emotional Learning and Glutamate: Translational Perspectives","Charles F. Gillespie; Kerry J. Ressler",2005,26,4,NA,NA,1,1,NA,NA,NA,7,9,2,1,2,0,0,0,0,0,0,0,2,0,0,0,0,0,0,0,0
"https://openalex.org/W3012376150","10.1037/tps0000224","Translational aspects of the multidisciplinary study of metacognition.","Silvia Chapman; Leigh E. Colvin; Stephanie Cosentino",2020,7,0.25,NA,NA,1,1,NA,NA,NA,2,3,0,0,0,0,0,0,0,0,0,0,0,0,0,0,0,0,0,0,0
"https://openalex.org/W3012219228","10.1037/tps0000218","Metacognition in education: Translational research.","Jennifer G. Cromley; Andrea J. Kunze",2020,10,NA,NA,NA,NA,NA,NA,NA,NA,0,9,0,1,0,0,0,0,0,0,0,0,0,0,0,0,0,0,0,0,0
"https://openalex.org/W2912349592","10.1016/j.copsyc.2018.12.004","Mindfulness, acceptance, and emotion regulation: perspectives from Monitor and Acceptance Theory (MAT)","Emily K. Lindsay; John David Creswell",2019,47,4.25,NA,NA,5,2,2,1,NA,46,4,1,0,0,0,0,0,0,0,0,0,0,0,0,0,1,0,0,0,0
"https://openalex.org/W2010278034","10.1016/j.jadohealth.2013.02.015","Turning Disciplinary Knowledge Into Solutions","Sarah Gehlert",2013,15,0.25,NA,NA,NA,NA,NA,NA,NA,0,3,5,1,0,0,0,0,0,0,0,0,0,0,3,1,0,0,0,0,0
"https://openalex.org/W2140741029","10.1016/j.eurpsy.2012.08.002","Outreach and support in South London (OASIS), 2001–2011: Ten years of early diagnosis and treatment for young individuals at high clinical risk for psychosis","Paolo Fusar-Poli; Majella Byrne; Steven Badger; Lucia Valmaggia; Philip McGuire",2013,160,18.828,1,1,3,3,NA,NA,NA,96,32,42,1,0,0,0,0,0,0,0,0,0,0,0,0,0,0,0,0,0
"https://openalex.org/W1989673150","10.1037/a0030582","Applying theory across settings, behaviors, and populations: Translational challenges and opportunities.","Robin J. Mermelstein; Tracey A. Revenson",2013,17,NA,NA,NA,NA,NA,NA,NA,NA,5,10,5,2,0,0,0,0,0,0,0,0,0,0,0,0,0,0,0,0,0
"https://openalex.org/W2045066965","10.1007/s10461-012-0393-9","A Randomized Controlled Trial to Evaluate the Relative Efficacy of the Addition of a Psycho-Social Intervention to Standard-of-Care Services in Reducing Attrition and Improving Attendance Among First-Time Users of Methadone Maintenance Treatment in China","Jing Gu; Joseph Lau; Huifang Xu; Ying Zhong; Yuantao Hao; Yuteng Zhao; Lirui Fan; Wenhua Ling",2013,16,NA,NA,NA,NA,NA,NA,NA,NA,8,0,9,0,0,0,0,0,0,0,0,0,0,0,1,0,0,0,0,0,0
"https://openalex.org/W2050597029","10.1037/a0029909","Translating basic behavioral and social science research to clinical application: The EVOLVE mixed methods approach.","Janey C. Peterson; Susan M. Czajkowski; Mary E. Charlson; Alissa R. Link; Martin T. Wells; Alice M. Isen; Carol A. Mancuso; John P. Allegrante; Carla Boutin-Foster; Gbenga Ogedegbe; Jared B. Jobe",2013,43,4.6,NA,NA,8,5,1,2,NA,18,9,11,3,0,0,0,0,0,0,0,0,0,0,0,1,0,0,0,0,0
"https://openalex.org/W2896650325","10.1002/dev.21775","Resilience priming: Translational models for understanding resiliency and adaptation to early life adversity","Amanda C. Kentner; John F. Cryan; Susanne Brummelte",2019,45,35.4,NA,NA,59,28,9,21,1,11,16,8,0,7,0,0,0,0,0,1,0,0,0,0,1,0,0,0,0,0
"https://openalex.org/W2763420277","10.1111/mbe.12153","Building the Bridge Between Science and Practice: Essential Characteristics of a Translational Framework","K. Brooke Stafford‐Brizard; Pamela Cantor; L. Todd Rose",2017,11,3.85,NA,NA,4,4,NA,NA,NA,0,7,0,0,0,0,0,0,0,0,0,0,0,0,1,0,1,0,1,0,0
"https://openalex.org/W2613580976","10.1016/j.nlm.2017.05.008","Combining D-cycloserine with appetitive extinction learning modulates amygdala activity during recall","Claudia Ebrahimi; Stefan Koch; Eva Friedel; Ilsoray Crespo; Thomas Fydrich; Andreas Ströhle; Andreas Heinz; Florian Schlagenhauf",2017,11,2,NA,NA,5,4,NA,1,NA,3,8,1,0,0,0,0,0,0,0,0,0,0,0,0,0,0,0,0,0,0
"https://openalex.org/W2123089523","10.1037/a0028813","Effort-based decision-making in major depressive disorder: A translational model of motivational anhedonia.","Michael T. Treadway; Nicholas A. Bossaller; Richard C. Shelton; David H. Zald",2012,445,8.1,NA,NA,2,2,NA,NA,NA,207,204,9,7,3,0,0,0,0,0,0,0,2,0,0,0,0,0,0,0,0
"https://openalex.org/W2315147516","10.1037/a0029040","Future dimensions: Neuroscience applications to practice in child and adolescent psychology.","Mikle South; Julie M. Wolf; Lauren Herlihy",2012,0,0.25,NA,NA,1,NA,NA,1,NA,1,0,0,0,0,0,0,0,0,0,0,0,0,0,0,0,0,0,0,0,0
"https://openalex.org/W2083343893","10.3109/10253890.2011.644605","Neuropattern: A new translational tool to detect and treat stress pathology. II. The Teltow study","Torsten Hero; Friedemann Gerhards; Hanne Thiart; Dirk H. Hellhammer; Michael Linden",2012,11,NA,NA,NA,NA,NA,NA,NA,NA,8,1,2,0,1,0,0,0,0,0,0,0,0,0,0,0,0,0,0,0,0
"https://openalex.org/W2073927880","10.1111/j.1601-183x.2012.00801.x","Fear extinction and BDNF: translating animal models of PTSD to the clinic","Raül Andero; Kerry J. Ressler",2012,202,17.2,NA,NA,13,8,2,2,1,59,81,19,0,21,0,0,0,0,0,0,0,14,0,0,0,0,0,0,0,0
"https://openalex.org/W1964779971","10.1007/s10608-014-9662-4","Emotion Regulation Flexibility","Amelia Aldao; Gal Sheppes; James J. Gross",2015,366,41.63,3,1,18,9,3,6,NA,251,119,7,11,0,0,0,0,1,1,1,0,0,0,1,5,3,0,0,0,0
"https://openalex.org/W1991180134","10.1038/npp.2012.268","Caloric Restriction Enhances Fear Extinction Learning in Mice","Megan Riddle; Morgan C. McKenna; Yonejung Yoon; Siobhan S. Pattwell; Patricia Mae G Santos; B. J. Casey; Charles E. Glatt",2013,31,47.3,5,NA,13,10,3,NA,NA,6,15,5,0,6,0,0,0,0,0,0,0,0,0,0,0,0,0,0,0,0
"https://openalex.org/W2112279002","10.1177/1524839912438749","Partnering to Translate Evidence-Based Programs to Community Settings","Alison L. Miller; Allison M. Krusky; Susan P. Franzen; Shirley Cochran; Marc A. Zimmerman",2012,26,5.7,NA,NA,8,6,NA,2,NA,2,9,5,1,0,0,0,0,0,0,0,0,0,0,1,2,0,0,4,0,0
"https://openalex.org/W2107374963","10.1136/jme.2009.029785","Translational ethics? The theory-practice gap in medical ethics","Alan Cribb",2010,23,NA,NA,NA,NA,NA,NA,NA,NA,0,3,6,1,0,0,0,0,0,0,0,0,0,0,9,5,0,1,0,0,0
"https://openalex.org/W1499537861","10.1111/j.1742-9552.2011.00005.x","Using cognitive enhancers to improve the treatment of anxiety disorders in young people: Examining the potential for D‐cycloserine to augment exposure for child anxiety","Simon P. Byrne; Lara J. Farrell; Ronald M. Rapee",2011,6,NA,NA,NA,NA,NA,NA,NA,NA,12,0,11,0,0,0,0,0,0,0,0,0,0,0,0,0,0,0,0,0,0
"https://openalex.org/W1558060935","10.1111/j.1468-2850.2011.01261.x","Beyond depression commentary: Wherefore art thou, depression clinic of tomorrow?","Greg J. Siegle",2011,13,3,NA,NA,NA,NA,NA,NA,NA,9,7,0,0,0,0,0,0,0,0,0,0,0,0,0,0,0,0,0,0,0
"https://openalex.org/W2116254635","10.1017/s0033291711000109","The place of implementation science in the translational medicine continuum","Graham Thornicroft; Heidi Lempp; Michele Tansella",2011,59,1,NA,NA,2,2,NA,NA,NA,7,15,19,7,1,0,0,0,0,0,0,0,0,0,1,4,0,0,4,0,0
"https://openalex.org/W2329975296","10.2174/157340011797183193","Translational Fear Inhibition Models as Indices of Trauma-related Psychopathology","Seth D. Norrholm and Tanja Jovanovic",2011,10,3,NA,NA,NA,NA,NA,NA,NA,8,2,0,0,2,0,0,0,0,0,0,0,0,0,0,0,0,0,0,0,0
"https://openalex.org/W2168430107","10.1037/1528-3542.8.3.307","The lasting effect of words on feelings: Words may facilitate exposure effects to threatening images.","Golnaz Tabibnia; Matthew D. Lieberman; Michelle G. Craske",2008,105,47.25,5,NA,4,3,NA,1,NA,45,50,2,0,0,0,0,0,0,0,0,0,0,1,0,1,3,0,0,0,0
"https://openalex.org/W2077257194","10.1016/j.brat.2007.06.006","Enhancing exposure-based therapy from a translational research perspective","Stefan G. Hofmann",2007,124,NA,NA,NA,NA,NA,NA,NA,NA,56,48,8,1,1,0,0,0,0,0,0,0,0,0,0,0,0,0,0,0,0
"https://openalex.org/W2121484097","10.3389/fnbeh.2011.00044","Neural Mechanisms of Impaired Fear Inhibition in Posttraumatic Stress Disorder","Tanja Jovanovic; Seth D. Norrholm",2011,93,2.1,NA,NA,3,2,1,NA,NA,55,40,5,1,2,0,0,0,0,1,0,0,0,0,0,0,0,0,0,0,0
"https://openalex.org/W10784171","10.1007/bf03392233","The aesthetics of intervention in defense of the esoteric","Iser G. DeLeon",2011,5,NA,NA,NA,NA,NA,NA,NA,NA,0,3,0,1,0,0,0,0,0,0,0,0,0,0,0,0,1,0,0,0,0
"https://openalex.org/W2110224827","10.1002/da.20754","Looking to the future of research in pediatric anxiety disorders","John S. March",2011,13,NA,NA,NA,NA,NA,NA,NA,NA,9,1,1,3,0,0,0,0,0,0,0,0,0,0,0,0,0,0,0,0,0
"https://openalex.org/W2331708864","10.1097/yco.0000000000000220","The key role of extinction learning in anxiety disorders","Andre Pittig; Linda van den Berg; Bram Vervliet",2016,72,6.7,NA,NA,13,11,NA,1,1,36,28,5,0,0,0,1,0,0,0,0,0,0,0,0,1,1,0,0,0,0
"https://openalex.org/W2158645871","10.1002/mpr.1409","The need for a behavioural science focus in research on mental health and mental disorders","Hans-Ulrich Wittchen; Susanne Knappe; Gerhard Andersson; Ricardo Araya; Rosa María Baños Rivera; Michael Barkham; Per Bech; Tom Beckers; Thomas Berger; Matthias Berking; Carmen Berrocal; Christina Botella; Per Carlbring; Guy Chouinard; Francesc Colom; Claudio Csillag; Pim Cujipers; Daniel David; Paul M. G. Emmelkamp; Cecilia A. Essau; Giovanni A. Fava; Thomas Goschke; Dirk Hermans; Stefan G. Hofmann; Wolfgang Lutz; Peter Muris; Thomas H. Ollendick; Filip Raes; Winfried Rief; Heleen Riper; Eliana Tossani; Saskia Van der Oord; Bram Vervliet; Josep Maria Haro; Gunter Schumann",2014,34,7.95,NA,NA,12,7,3,2,NA,22,3,11,0,0,0,0,0,0,0,0,0,0,0,0,1,0,0,1,0,0
"https://openalex.org/W1528197217","10.1002/da.22257","<scp>d</scp>-CYCLOSERINE FOR TREATING ANXIETY DISORDERS: MAKING GOOD EXPOSURES BETTER AND BAD EXPOSURES WORSE","Stefan G. Hofmann",2014,55,33,3,NA,2,1,1,NA,NA,35,10,4,0,1,0,0,0,0,0,0,0,1,0,0,0,0,0,0,0,0
"https://openalex.org/W3027730498","10.1016/s2215-0366(20)30170-x","Clinical efficacy of cognitive bias modification interventions","Simon E. Blackwell",2020,9,5.95,NA,NA,11,2,3,6,NA,5,0,1,0,0,0,0,0,0,0,0,0,0,0,0,0,0,0,0,0,0
"https://openalex.org/W2505115395","10.1016/s2215-0366(16)30080-3","Bringing together pharmacological and psychological approaches to mental health research","Abigail Moss; H Valerie Curran; Michael A P Bloomfield; Sunjeev K. Kamboj; Simon E. Blackwell; Tom P. Freeman",2016,5,16.55,NA,NA,30,13,9,6,2,4,0,0,0,0,0,0,0,0,0,0,0,0,0,0,0,0,0,1,0,0
"https://openalex.org/W2015929240","10.1016/s0272-7358(03)00037-0","Towards a better understanding of gambling treatment failure: implications of translational research","Stacey B. Daughters; Carl W. Lejuez; Henry R. Lesieur; David R. Strong; Michael J. Zvolensky",2003,39,NA,NA,NA,NA,NA,NA,NA,NA,25,4,0,0,0,0,0,0,0,0,0,0,0,0,1,0,0,0,0,0,0
"https://openalex.org/W2075693245","10.1016/s0006-3223(01)01326-9","Social anxiety disorder: trends and translational research","Bruce N. Cuthbert",2002,27,NA,NA,NA,NA,NA,NA,NA,NA,10,9,1,0,0,0,0,0,0,0,0,0,0,0,0,0,0,0,0,0,0
