"DOI","openalex_id","Year","Authors","Title","Journal","Open Access"
"10.1037/abn0000465","https://openalex.org/W2998582571",2020,"Sarah R. Horn; Philip A. Fisher; Jennifer H. Pfeifer; Nicholas B. Allen; Elliot T. Berkman","Levers and barriers to success in the use of translational neuroscience for the prevention and treatment of mental health and promotion of well-being across the lifespan.","Journal of Abnormal Psychology",FALSE
"10.1016/j.janxdis.2018.10.006","https://openalex.org/W2899024077",2019,"Jessica L. Maples-Keller; Tanja Jovanovic; Boadie W. Dunlop; Sheila A.M. Rauch; Carly Yasinski; Vasiliki Michopoulos; Callan Coghlan; Seth D. Norrholm; Albert Rizzo; Kerry J. Ressler; Barbara O. Rothbaum","When translational neuroscience fails in the clinic: Dexamethasone prior to virtual reality exposure therapy increases drop-out rates","Journal of Anxiety Disorders",FALSE
"10.1037/ccp0000309","https://openalex.org/W2902023166",2018,"Rebecca B. Price; Logan Cummings; Danielle Gilchrist; Simona Graur; Layla Banihashemi; Susan S Kuo; Greg J. Siegle","Towards personalized, brain-based behavioral intervention for transdiagnostic anxiety: Transient neural responses to negative images predict outcomes following a targeted computer-based intervention.","Journal of Consulting and Clinical Psychology",TRUE
"10.1097/yic.0000000000000314","https://openalex.org/W3027044460",2020,"Naomi A. Fineberg; Eric Hollander; Stefano Pallanti; Susanne Walitza; Edna Grünblatt; Bernardo Dell'Osso; Umberto Albert; Daniel A. Geller; Vlasios Brakoulias; Y.C. Janardhan Reddy; Shyam Sundar Arumugham; Roseli G. Shavitt; Lynne M. Drummond; Benedetta Grancini; Vera De Carlo; Eduardo Cinosi; Samuel R. Chamberlain; Konstantinos Ioannidis; Carolyn I. Rodriguez; Kabir Garg; David J. Castle; Michael Van Ameringen; Dan J. Stein; Lior Carmi; Joseph Zohar; José M. Menchón","Clinical advances in obsessive-compulsive disorder","International Clinical Psychopharmacology",TRUE
"10.1007/s00213-018-5116-0","https://openalex.org/W2907408958",2019,"Dominique J.-F. de Quervain; Oliver T. Wolf; Benno Roozendaal","Glucocorticoid-induced enhancement of extinction—from animal models to clinical trials","Psychopharmacology",TRUE
"10.1097/yco.0000000000000218","https://openalex.org/W2409263803",2016,"Ulrike Lueken; Tim Hahn","Functional neuroimaging of psychotherapeutic processes in anxiety and depression","Current Opinion in Psychiatry",FALSE
"10.3389/fpsyg.2018.00824","https://openalex.org/W2801902010",2018,"Sebastian Euler; Johannes Wrege; Mareike Busmann; Hannah J. Lindenmeyer; Daniel Sollberger; Undine E. Lang; Jens Gaab; Marc Walter","Exclusion-Proneness in Borderline Personality Disorder Inpatients Impairs Alliance in Mentalization-Based Group Therapy","Frontiers in Psychology",TRUE
"10.1027/2151-2604/a000309","https://openalex.org/W2772690159",2017,"Jan Richter; Andre Pittig; Maike Hollandt; Ulrike Lueken","Bridging the Gaps Between Basic Science and Cognitive-Behavioral Treatments for Anxiety Disorders in Routine Care","Zeitschrift Fur Psychologie-journal of Psychology",FALSE
"10.1111/jopy.12012","https://openalex.org/W1857780785",2013,"Timothy J. Strauman; Elena L. Goetz; Allison M. Detloff; Katherine E. MacDuffie; Luisa Zaunmüller; Wolfgang Lutz","Self-Regulation and Mechanisms of Action in Psychotherapy: A Theory-Based Translational Perspective","Journal of Personality",NA
"10.1159/000430772","https://openalex.org/W2248102213",2015,"Hans-Ulrich Wittchen; Samia Härtling; Jürgen Hoyer","Psychotherapy and Mental Health as a Psychological Science Discipline","Verhaltenstherapie",TRUE
"10.1024/0939-5911.a000111","https://openalex.org/W2139757092",2011,"Eva Hoch; Gerhard Bühringer; Jana Henker; Heike Rohrbacher; René Noack; A Pixa; Katrin Dittmer; Anne Rühlmann; Hans-Ulrich Wittchen","Untersuchungskonzept für die CANDIS 1CANnabis DISorders -Studie zur Behandlung von cannabisbezogenen Störungen: Ein Beispiel translationaler Forschung","Sucht",FALSE
"10.1007/s00115-019-00808-9","https://openalex.org/W2982571178",2019,"Eva-Lotta Brakemeier; Sabine C. Herpertz","Innovative Psychotherapieforschung: auf dem Weg zu einer evidenz- und prozessbasierten individualisierten und modularen Psychotherapie","Nervenarzt",TRUE
"10.1001/jamapsychiatry.2014.1741","https://openalex.org/W1976357293",2015,"Tim Hahn; Tilo Kircher; Benjamin Straube; Hans-Ulrich Wittchen; Carsten Konrad; Andreas Ströhle; André Wittmann; Bettina Pfleiderer; Andreas Reif; Volker Arolt; Ulrike Lueken","Predicting Treatment Response to Cognitive Behavioral Therapy in Panic Disorder With Agoraphobia by Integrating Local Neural Information","JAMA Psychiatry",TRUE
"10.1186/s13643-020-01337-2","https://openalex.org/W3017485463",2020,"Kathrin Schopf; Cornelia Mohr; Michael W. Lippert; Katharina Sommer; Andrea H. Meyer; Silvia Schneider","The role of exposure in the treatment of anxiety in children and adolescents: protocol of a systematic review and meta-analysis","Systematic Reviews",TRUE
"10.1037/bdb0000108","https://openalex.org/W4220955896",2022,"Michael P. Kranak; Griffin W. Rooker; Alexander R. Arevalo; Théo P. Robinson","Mitigating reinstatement using progressive ratio schedules: A proof of concept.","The Behavioral Development Bulletin",FALSE
"10.2147/ndt.s271842","https://openalex.org/W3091782419",2020,"Xiaohua Liu; Yun Wang; Daihui Peng; Huifeng Zhang; Yanqun Zheng; Yan Wu; Yun-Ai Su; Ming Liu; Xiancang Ma; Yi Li; Jianfei Shi; Xiaojing Cheng; Han Rong; Qin Ning","&lt;p&gt;The Developmental and Translational Study on Biomarkers and Clinical Characteristics-based Diagnostic and Therapeutic Identification of Major Depressive Disorder: Study Protocol for a Multicenter Randomized Controlled Trial in China&lt;/p&gt;","Neuropsychiatric Disease and Treatment",TRUE
"10.1037/bdb0000102","https://openalex.org/W3175955264",2021,"Katherine R. Brown; Amanda N. Zangrillo; Brian D. Greer","Development of a systematic approach to identify reinforcer dimension sensitivity.","The Behavioral Development Bulletin",FALSE
"10.1002/jaba.824","https://openalex.org/W3023005523",2021,"Kayla R. Randall; Brian D. Greer; Sean W. Smith; Ryan T. Kimball","Sustaining behavior reduction by transitioning the topography of the functional communication response","Journal of Applied Behavior Analysis",NA
"10.1037/bdb0000101","https://openalex.org/W3155327096",2021,"Ashley M. Fuhrman; Wayne W. Fisher; Brian D. Greer; Timothy A. Shahan; Andrew R. Craig","Resurgence following traditional and interdependent differential reinforcement of alternative behavior.","The Behavioral Development Bulletin",TRUE
"10.1002/jaba.780","https://openalex.org/W3103798095",2021,"Julia A. Iannaccone; Joshua Jessel","A translational comparison of contingency‐based progressive delay procedures and their effects on contextually appropriate behavior","Journal of Applied Behavior Analysis",FALSE
"10.1037/hea0001022","https://openalex.org/W3087268255",2020,"Matt Field; Paul Christiansen; Charlotte A. Hardman; Ashleigh Haynes; Andrew Jones; Allecia E. Reid; Eric Robinson","Translation of findings from laboratory studies of food and alcohol intake into behavior change interventions: The experimental medicine approach.","Health Psychology",NA
"10.1080/15267431.2020.1826485","https://openalex.org/W3092526126",2020,"Jody Koenig Kellas; Toni Morgan; Cassidy Taladay; Mikki Minton; Justice Forte; Erin Husmann","Narrative Connection: Applying CNSM Theory’s Translational Storytelling Heuristic","Journal of Family Communication",FALSE
"10.1016/j.cbpra.2020.09.011","https://openalex.org/W3111566781",2021,"Sarah M. Kennedy; Jessica L. Hawks","Lessons Learned From a Randomized Controlled Pilot Trial Testing an Inhibitory Learning Approach to Exposure in Anxious Youth","Cognitive and Behavioral Practice",FALSE
"10.1007/s40616-020-00137-y","https://openalex.org/W3102144287",2020,"Jordan Belisle; Kate Huggins; Meghan Doherty; Caleb R. Stanley; Mark R. Dixon","Generalized Reflexive Responding and Cross-Modal Tactile Transfer of Stimulus Function in Children with Autism","The Analysis of Verbal Behavior",FALSE
"10.1002/jaba.678","https://openalex.org/W3005045555",2020,"Catalina N. Rey; Alison M. Betz; Andressa A. Sleiman; Toshikazu Kuroda; Christopher A. Podlesnik","The role of adventitious reinforcement during differential reinforcement of other behavior: A systematic replication","Journal of Applied Behavior Analysis",FALSE
"10.1037/cpp0000326","https://openalex.org/W3035939434",2020,"Tessa Wihak; Maureen Burns; Jacqueline Miranda; Gail Windmueller; Carlee Oakley; Rachael Coakley","Development and feasibility testing of the Comfort Ability Program for sickle cell pain: A patient-informed, video-based pain management intervention for adolescents with sickle cell disease.","Clinical practice in pediatric psychology",FALSE
"10.1016/j.brat.2019.103545","https://openalex.org/W3000674082",2020,"Rudi De Raedt","Contributions from neuroscience to the practice of Cognitive Behaviour Therapy: Translational psychological science in service of good practice","Behaviour Research and Therapy",FALSE
"10.1002/jeab.573","https://openalex.org/W2997503349",2020,"Brooke M. Smith; Gregory S. Smith; Simon Dymond","Relapse of anxiety‐related fear and avoidance: Conceptual analysis of treatment with acceptance and commitment therapy","Journal of the Experimental Analysis of Behavior",NA
"10.1002/jaba.595","https://openalex.org/W2960644278",2019,"Billie J. Retzlaff; Wayne W. Fisher; Jessica S. Akers; Brian D. Greer","A translational evaluation of potential iatrogenic effects of single and combined contingencies during functional analysis","Journal of Applied Behavior Analysis",NA
"10.1093/jpepsy/jsy083","https://openalex.org/W2900595415",2019,"Sylvie Naar; Bonnie Spring","Commentary: Methods and Designs for T1 Translation in Pediatric Psychology","Journal of Pediatric Psychology",FALSE
"10.1002/anzf.1392","https://openalex.org/W2991613997",2019,"Daniel K. Cooper; Elizabeth Wieling; Anett Pfeiffer","Bioecological Implications of Narrative Exposure Therapy in Low‐Resource Settings: Individual, Family, Community, and Socio‐Political Contexts","Australian and New Zealand Journal of Family Therapy",NA
"10.1007/s00278-019-00379-9","https://openalex.org/W2982622264",2019,"Beate Ditzen; Monika Eckstein; Melanie S. Fischer; Corina Aguilar-Raab","Partnerschaft und Gesundheit","Psychotherapeut",FALSE
"10.2196/13606","https://openalex.org/W2964658992",2019,"François Carbonnel; Grégory Ninot","Identifying Frameworks for Validation and Monitoring of Consensual Behavioral Intervention Technologies: Narrative Review","Journal of Medical Internet Research",TRUE
"10.1002/jaba.647","https://openalex.org/W2771447691",2019,"Vivian F. Ibañez; Cathleen C. Piazza; Kathryn M. Peterson","A translational evaluation of renewal of inappropriate mealtime behavior","Journal of Applied Behavior Analysis",NA
"10.1146/annurev-clinpsy-050718-095634","https://openalex.org/W2911560859",2019,"Lauren A.M. Lebois; Antonia V. Seligowski; Jonathan D. Wolff; Sarah B. Hill; Kerry J. Ressler","Augmentation of Extinction and Inhibitory Learning in Anxiety and Trauma-Related Disorders","Annual Review of Clinical Psychology",FALSE
"10.1016/j.cpr.2018.08.005","https://openalex.org/W2888059438",2019,"Lalitha Iyadurai; Renée M. Visser; Alex Lau-Zhu; Kate Porcheret; Antje Horsch; Emily A. Holmes; Ella L. James","Intrusive memories of trauma: A target for research bridging cognitive science and its clinical application","Clinical Psychology Review",TRUE
"10.3389/fpsyt.2018.00548","https://openalex.org/W2806642665",2018,"Kenneth Blum; Marjorie C. Gondré-Lewis; David Baron; Panayotis K. Thanos; Eric R. Braverman; Jennifer Neary; Igor Elman; Rajendra D Badgaiyan","Introducing Precision Addiction Management of Reward Deficiency Syndrome, the Construct That Underpins All Addictive Behaviors","Frontiers in Psychiatry",TRUE
"10.1002/jaba.499","https://openalex.org/W2894898912",2018,"Wayne W. Fisher; Brian D. Greer; Ashley M. Fuhrman; Valdeep Saini; Christina A. Simmons","Minimizing resurgence of destructive behavior using behavioral momentum theory","Journal of Applied Behavior Analysis",TRUE
"10.1111/jep.12915","https://openalex.org/W2802617812",2018,"Vanya Matanova; Zlatomira Kostova; Martin Kolev","Brain-based treatment-A new approach or a well-forgotten old one?","Journal of Evaluation in Clinical Practice",FALSE
"10.1002/jaba.496","https://openalex.org/W2883290724",2018,"Clare J. Liddon; Michael E. Kelley; Catalina N. Rey; Ashley P. Liggett; Aurelia Ribeiro","A translational analysis of ABA and ABC renewal of operant behavior","Journal of Applied Behavior Analysis",FALSE
"10.1002/jaba.466","https://openalex.org/W2802742757",2018,"Ryan T. Kimball; Michael E. Kelley; Christopher A. Podlesnik; Alex Forton; Brandy Hinkle","Resurgence with and without an alternative response","Journal of Applied Behavior Analysis",FALSE
"10.1016/j.beth.2017.09.001","https://openalex.org/W2753574612",2017,"Megan E. Renna; Jean M. Quintero; Ariella Soffer; Martin Pino; Leslie Ader; David M. Fresco; Douglas S. Mennin","A Pilot Study of Emotion Regulation Therapy for Generalized Anxiety and Depression: Findings From a Diverse Sample of Young Adults","Behavior Therapy",NA
"10.1016/j.pnpbp.2018.03.003","https://openalex.org/W2792164490",2018,"Allison A. Feduccia; Michael C. Mithoefer","MDMA-assisted psychotherapy for PTSD: Are memory reconsolidation and fear extinction underlying mechanisms?","Progress in Neuro-psychopharmacology & Biological Psychiatry",TRUE
"10.1037/ccp0000289","https://openalex.org/W2792164547",2018,"Douglas S. Mennin; David M. Fresco; Mia Skytte O'Toole; James J. Gross","A randomized controlled trial of emotion regulation therapy for generalized anxiety disorder with and without co-occurring depression.","Journal of Consulting and Clinical Psychology",TRUE
"10.1002/jeab.315","https://openalex.org/W2886127472",2018,"Ashley P. Liggett; Regina Nastri; Christopher A. Podlesnik","Assessing the combined effects of resurgence and reinstatement in children diagnosed with autism spectrum disorder","Journal of the Experimental Analysis of Behavior",FALSE
"10.1016/j.jpsychires.2017.12.014","https://openalex.org/W2779008721",2018,"Julianne C. Flanagan; Lauren M. Sippel; Amy E. Wahlquist; Megan M. Moran-Santa Maria; Sudie E. Back","Augmenting Prolonged Exposure therapy for PTSD with intranasal oxytocin: A randomized, placebo-controlled pilot trial","Journal of Psychiatric Research",TRUE
"10.1037/int0000065","https://openalex.org/W2781974928",2017,"Kevin S. McCarthy; Anne P. Taylor","Crossing boundaries for borderline personality disorder: Comment on Dixon-Gordon, Peters, Fertuck, and Yen (2016).","Journal of Psychotherapy Integration",FALSE
"10.2174/2210676607666170607160400","https://openalex.org/W2698910221",2017,"Basant Pradhan; Tapan Parikh; Madhusmita Sahoo; Richard Selznick; Michael Goodman","Current Understanding of Dyslexia and Pilot Data on Efficacy of a Mindfulness Based Psychotherapy (MBR-RAM) Model","Adolescent psychiatry",FALSE
"10.1177/0145445517696052","https://openalex.org/W2593413236",2017,"Nathan A. Call; Andrea R. Reavis; Seth B. Clark; Natalie A. Parks; Tom Cariveau; Colin S. Muething","The Effects of Conducting a Functional Analysis on Problem Behavior in Other Settings: A Descriptive Study on Potential Interaction Effects","Behavior Modification",FALSE
"10.1002/jaba.400","https://openalex.org/W2626989834",2017,"Christopher A. Podlesnik; Michael E. Kelley; Corina Jimenez-Gomez; Mark E. Bouton","Renewed behavior produced by context change and its implications for treatment maintenance: A review","Journal of Applied Behavior Analysis",NA
"10.1007/s00278-017-0168-x","https://openalex.org/W2594427455",2017,"Christoph Flückiger; Judith Held; Christine Wolfer; Mathias Allemand; Andreea Vîslă","Ressourcenorientierung als Interventionsleitbild","Psychotherapeut",FALSE
"10.1001/jamapsychiatry.2016.1132","https://openalex.org/W2468245768",2016,"Stefan G. Hofmann","Schrödinger’s Cat andd-Cycloserine to Augment Exposure Therapy—Both Are Alive and Dead","JAMA Psychiatry",FALSE
"10.1016/j.brat.2016.08.015","https://openalex.org/W2517717524",2016,"Sara Scheveneels; Yannick Boddez; Bram Vervliet; Dirk Hermans","The validity of laboratory-based treatment research: Bridging the gap between fear extinction and exposure treatment","Behaviour Research and Therapy",NA
"10.1002/jaba.338","https://openalex.org/W2485342339",2016,"Ashley M. Fuhrman; Wayne W. Fisher; Brian D. Greer","A preliminary investigation on improving functional communication training by mitigating resurgence of destructive behavior","Journal of Applied Behavior Analysis",FALSE
"10.1111/famp.12233","https://openalex.org/W2464033186",2016,"Viviana E. Horigian; Austen R. Anderson; José Szapocznik","Taking Brief Strategic Family Therapy from Bench to Trench: Evidence Generation Across Translational Phases","Family Process",FALSE
"10.1017/s1352465816000060","https://openalex.org/W2315125390",2016,"Daniel Freeman; Jonathan Bradley; Felicity Waite; Bryony Sheaves; Natalie DeWeever; Emilie Bourke; Josephine McInerney; Nicole Evans; Emma Černis; Rachel Lister; Philippa Garety; Graham Dunn","Targeting Recovery in Persistent Persecutory Delusions: A Proof of Principle Study of a New Translational Psychological Treatment (the Feeling Safe Programme)","Behavioural and Cognitive Psychotherapy",TRUE
"10.1002/jaba.283","https://openalex.org/W2287813247",2016,"Joshua Jessel; Gregory P. Hanley; Mahshid Ghaemmaghami","A translational evaluation of transitions","Journal of Applied Behavior Analysis",FALSE
"10.5514/rmac.v41.i2.63776","https://openalex.org/W2292177655",2015,"Keith Lit; F. Charles Mace","WHERE WOULD ABA BE WITHOUT EAB? AN EXAMPLE OF TRANSLATIONAL RESEARCH ON RECURRENCE OF OPERANT BEHAVIOR AND TREATMENT RELAPSE","Revista mexicana de análisis de la conducta",FALSE
"10.1007/s40732-014-0103-2","https://openalex.org/W2030613824",2015,"Mairéad Foody; Yvonne Barnes-Holmes; Dermot Barnes-Holmes; Laura Rai; Carmen Luciano","An Empirical Investigation of the Role of Self, Hierarchy, and Distinction in a Common Act Exercise","Psychological Record",FALSE
"10.1002/jaba.266","https://openalex.org/W1775834967",2015,"Sarah E. Bloom; Joseph M. Lambert","Implications for practice: Resurgence and differential reinforcement of alternative responding","Journal of Applied Behavior Analysis",FALSE
"10.1002/da.22377","https://openalex.org/W1818718306",2015,"Douglas S. Mennin; David M. Fresco; Michael R. Ritter; James J. Gross","AN OPEN TRIAL OF EMOTION REGULATION THERAPY FOR GENERALIZED ANXIETY DISORDER AND COOCCURRING DEPRESSION","Depression and Anxiety",TRUE
"10.1891/0889-8391.29.1.68","https://openalex.org/W2007382272",2015,"Julian D. Ford","An Affective Cognitive Neuroscience-Based Approach to PTSD Psychotherapy: The TARGET Model","Journal of Cognitive Psychotherapy",FALSE
"10.1017/s0140525x14000363","https://openalex.org/W2106241686",2015,"Israel Liberzon; Arash Javanbakht","Memory reconsolidation and psychotherapeutic process","Behavioral and Brain Sciences",FALSE
"10.1016/j.beth.2014.09.014","https://openalex.org/W2063943610",2015,"Rachel Hershenberg; Marvin R. Goldfried","Implications of RDoC for the Research and Practice of Psychotherapy","Behavior Therapy",FALSE
"10.1037/h0100581","https://openalex.org/W2331202976",2014,"Autumn McKeel; Mark R. Dixon","Furthering a behavior analytic account of self-control using relational frame theory.","The Behavioral Development Bulletin",FALSE
"10.1016/j.brat.2014.09.003","https://openalex.org/W1980163142",2014,"David H. Barlow","The neuroscience of psychological treatments","Behaviour Research and Therapy",FALSE
"10.1371/journal.pone.0093519","https://openalex.org/W1980034853",2014,"Helga Rodrigues; Ivan Figueira; Alessandra Pereira Lopes; Raquel Gonçalves; Mauro V. Mendlowicz; Evandro Silva Freire Coutinho; Paula Ventura","Does D-Cycloserine Enhance Exposure Therapy for Anxiety Disorders in Humans? A Meta-Analysis","PLOS ONE",TRUE
"10.1007/s10880-014-9393-4","https://openalex.org/W2004544592",2014,"Terri L. Barrera; Kathleen M. Grubbs; Mark E. Kunik; Ellen J. Teng","A Review of Cognitive Behavioral Therapy for Panic Disorder in Patients with Chronic Obstructive Pulmonary Disease: The Rationale for Interoceptive Exposure","Journal of Clinical Psychology in Medical Settings",FALSE
"10.1037/a0035641","https://openalex.org/W2083706748",2014,"Mark P. Jensen; Dennis C. Turk","Contributions of psychology to the understanding and treatment of people with chronic pain: Why it matters to ALL psychologists.","American Psychologist",FALSE
"10.1111/jopy.12015","https://openalex.org/W2126677036",2013,"Yuichi Shoda; Nicole L. Wilson; Jessica A. Chen; Amanda K. Gilmore; Ronald E. Smith","Cognitive-Affective Processing System Analysis of Intra-Individual Dynamics in Collaborative Therapeutic Assessment: Translating Basic Theory and Research Into Clinical Applications","Journal of Personality",FALSE
"10.1111/jcpp.12092","https://openalex.org/W1991576048",2013,"Jennifer L. Hudson; Kathryn J. Lester; Glyn Lewis; Maria Tropeano; Cathy Creswell; David A. Collier; Peter J. Cooper; Heidi J. Lyneham; Talia Morris; Ronald M. Rapee; Susanna Roberts; Jennifer A. Donald; Thalia C. Eley","Predicting outcomes following cognitive behaviour therapy in child anxiety disorders: the influence of genetic, demographic and clinical information","Journal of Child Psychology and Psychiatry",TRUE
"10.1016/j.cbpra.2013.02.001","https://openalex.org/W1987838351",2013,"David M. Fresco; Douglas S. Mennin; James J. Gross; Michael R. Ritter","Emotion Regulation Therapy for Generalized Anxiety Disorder","Cognitive and Behavioral Practice",NA
"10.1155/2013/156084","https://openalex.org/W2099288315",2013,"Stefano Barlati; Giacomo Deste; Luca De Peri; Cassandra Ariu; Antonio Vita","Cognitive Remediation in Schizophrenia: Current Status and Future Perspectives","Schizophrenia Research and Treatment",TRUE
"10.1007/s12160-012-9390-5","https://openalex.org/W1978294549",2012,"Lawrence R. Brawley; W. Jack Rejeski; Jill E. Gaukstern; Walter T. Ambrosius","Social Cognitive Changes Following Weight Loss and Physical Activity Interventions in Obese, Older Adults in Poor Cardiovascular Health","Annals of Behavioral Medicine",NA
"10.1037/a0027925","https://openalex.org/W1994762458",2012,"Dina Vivian; Rachel Hershenberg; Bethany A. Teachman; Deborah A. G. Drabick; Marvin R. Goldfried; Barry E. Wolfe","A translational model of research-practice integration.","Psychotherapy",FALSE
"10.1007/s10879-011-9195-z","https://openalex.org/W1988370178",2012,"Christina M. Sheerin; Richard W. Seim; C. Richard Spates","A New Appraisal of Combined Treatments for PTSD in the Era of Psychotherapy Adjunctive Medications","Journal of Contemporary Psychotherapy",FALSE
"10.1037/a0024992","https://openalex.org/W2029034232",2012,"Marcella L. Woud; Emily A. Holmes; Peggy Postma; Tim Dalgleish; Bundy Mackintosh","Ameliorating intrusive memories of distressing experiences using computerized reappraisal training.","Emotion",FALSE
"10.1007/s13142-011-0030-6","https://openalex.org/W2046233943",2011,"Redford B. Williams; Virginia P. Williams","Adaptation and implementation of an evidence-based behavioral medicine program in diverse global settings: The Williams LifeSkills experience","Translational behavioral medicine",NA
"10.15288/jsad.2011.72.903","https://openalex.org/W2019275263",2011,"Sarah W. Feldstein Ewing; Francesca M. Filbey; Christian S. Hendershot; Amber D. McEachern; Kent E. Hutchison","Proposed Model of the Neurobiological Mechanisms Underlying Psychosocial Alcohol Interventions: The Example of Motivational Interviewing*","Journal of Studies on Alcohol and Drugs",TRUE
"10.1080/00029157.2010.10401745","https://openalex.org/W2105457461",2010,"David Atkinson; Salvatore Iannotti; Mauro Cozzolino; Stefano Castiglione; Angela Cicatelli; Bhaskar Vyas; Jane Mortimer; Richard Hill; Erika Chovanec; Alessia Chiamberlando; Jorge Cuadros; Claude Virot; Michel Kerouac; Thierry Kallfass; Stanley Krippner; Claire Frederick; Bruce Gregory; Michael Shaffran; Margaret Bullock; Ella Soleimany; April Cybelle Rossi; Kathryn Rossi; Ernest Lawrence Rossi","A New Bioinformatics Paradigm for the Theory, Research, and Practice of Therapeutic Hypnosis","American Journal of Clinical Hypnosis",FALSE
"10.1901/jaba.2010.43-653","https://openalex.org/W2031019516",2010,"Amber E. Mendres; John C. Borrero","DEVELOPMENT AND MODIFICATION OF A RESPONSE CLASS VIA POSITIVE AND NEGATIVE REINFORCEMENT: A TRANSLATIONAL APPROACH","Journal of Applied Behavior Analysis",TRUE
"10.1016/j.psc.2010.04.008","https://openalex.org/W2003020011",2010,"K.A. Ganasen; J.C. Ipser; Dan J. Stein","Augmentation of Cognitive Behavioral Therapy with Pharmacotherapy","Psychiatric Clinics of North America",FALSE
"10.1176/appi.ajp.2009.09071074","https://openalex.org/W2109167188",2010,"Tanja Jovanovic; Kerry J. Ressler","How the Neurocircuitry and Genetics of Fear Inhibition May Inform Our Understanding of PTSD","American Journal of Psychiatry",FALSE
"10.1016/j.cbpra.2009.06.006","https://openalex.org/W2016383124",2010,"Kiara R. Timpano; Norman B. Schmidt","The Association Between Self-Control and Hoarding: A Case Report","Cognitive and Behavioral Practice",FALSE
"10.1901/jaba.2010.43-47","https://openalex.org/W2104597243",2010,"Claire St. Peter Pipkin; Timothy Vollmer; Kimberly N. Sloman","EFFECTS OF TREATMENT INTEGRITY FAILURES DURING DIFFERENTIAL REINFORCEMENT OF ALTERNATIVE BEHAVIOR: A TRANSLATIONAL MODEL","Journal of Applied Behavior Analysis",TRUE
"10.1080/16506070902980695","https://openalex.org/W2092505096",2009,"Edward R. Watkins","Depressive Rumination: Investigating Mechanisms to Improve Cognitive Behavioural Treatments","Cognitive Behaviour Therapy",TRUE
"10.1111/j.1469-7610.2008.02034.x","https://openalex.org/W2114049879",2009,"John S. March","The future of psychotherapy for mentally ill children and adolescents","Journal of Child Psychology and Psychiatry",FALSE
"10.1002/da.20511","https://openalex.org/W2162680721",2009,"Angela C. Berry; David Rosenfield; Jasper A. J. Smits","Extinction retention predicts improvement in social anxiety symptoms following exposure therapy","Depression and Anxiety",FALSE
"10.1037/0003-066x.61.9.959","https://openalex.org/W1984061997",2006,"Ty Tashiro; Laura Mortensen","Translational research: How social psychology can improve psychotherapy.","American Psychologist",FALSE
"10.1037/0022-006x.74.2.367","https://openalex.org/W2015064284",2006,"Timothy J. Strauman; Angela Z. Vieth; Kari A. Merrill; Gregory G. Kolden; Teresa E. Woods; Marjorie H. Klein; Alison A. Papadakis; Kristin L. Schneider; Lori Kwapil","Self-system therapy as an intervention for self-regulatory dysfunction in depression: A randomized comparison with cognitive therapy.","Journal of Consulting and Clinical Psychology",FALSE
"10.1093/clipsy.bph081","https://openalex.org/W1983804489",2004,"Timothy J. Strauman; Kari A. Merrill","The basic science/clinical science interface and treatment development.","Clinical Psychology-science and Practice",FALSE
"10.1037/cps0000003","https://openalex.org/W3155327340",2021,"Matthew W. Southward; Shannon Sauer-Zavala; Jennifer S. Cheavens","Specifying the mechanisms and targets of emotion regulation: A translational framework from affective science to psychological treatment.","Clinical Psychology-science and Practice",NA
"10.1016/j.neubiorev.2021.05.022","https://openalex.org/W3165559107",2021,"Denise A. Hien; Teresa Lopez-Castro; Skye Fitzpatrick; Lesia M. Ruglass; Eric A. Fertuck; Robert D. Melara","A unifying translational framework to advance treatment research for comorbid PTSD and substance use disorders","Neuroscience & Biobehavioral Reviews",FALSE
"10.1093/schbul/sbaa006","https://openalex.org/W3006724384",2020,"Daisuke Koshiyama; Kenji Kirihara; Mariko Tada; Tatsuya Nagai; Mao Fujioka; Kaori Usui; Tsuyoshi Araki; Kiyoto Kasai","Reduced Auditory Mismatch Negativity Reflects Impaired Deviance Detection in Schizophrenia","Schizophrenia Bulletin",TRUE
"10.3389/fpsyt.2019.00599","https://openalex.org/W2965229771",2019,"Greg Murray","What Would Digital Early Intervention for Bipolar Disorder Look Like? Theoretical and Translational Considerations for Future Therapies","Frontiers in Psychiatry",TRUE
"10.1016/j.chc.2021.04.014","https://openalex.org/W3164647349",2021,"Ellen Leibenluft; Katharina Kircanski","Chronic Irritability in Youth","Child and Adolescent Psychiatric Clinics of North America",FALSE
"10.1177/0013164420919898","https://openalex.org/W3034133837",2021,"Michael L. Thomas; Gregory G. Brown; Virginie M. Patt; John R Duffy","Latent Variable Modeling and Adaptive Testing for Experimental Cognitive Psychopathology Research","Educational and Psychological Measurement",FALSE
"10.1016/j.conb.2020.11.007","https://openalex.org/W3110503640",2021,"Charles L. Ford; Larry J. Young","Translational opportunities for circuit-based social neuroscience: advancing 21st century psychiatry","Current Opinion in Neurobiology",FALSE
"10.1002/da.23119","https://openalex.org/W3108619027",2021,"Andre Pittig; Juliane M. Boschet; Valentina M. Glück; Kristina Schneider","Elevated costly avoidance in anxiety disorders: Patients show little downregulation of acquired avoidance in face of competing rewards for approach","Depression and Anxiety",TRUE
"10.1016/j.biopsych.2020.08.030","https://openalex.org/W3102999136",2021,"Amit Lazarov; Yair Bar-Haim","Emerging Domain-Based Treatments for Pediatric Anxiety Disorders","Biological Psychiatry",FALSE
"10.1016/j.ejpsy.2019.11.003","https://openalex.org/W2997029470",2020,"C.M. van der Feltz-Cornelis","Diagnostic profiling in clinical translational research — a European perspective","European Journal of Psychiatry",NA
"10.1007/s10488-020-01058-7","https://openalex.org/W3036190175",2021,"Jessica L. Bourdon; John M. Hettema; Elizabeth Prom-Wormley; Michael A. Southam-Gerow","Assessing Stakeholder Perceptions of the Utility of Genetic Information for the Clinical Care of Mental Health Disorders: We Have a Will but Need to See the Way","Administration and Policy in Mental Health",NA
"10.1016/j.cpr.2020.101860","https://openalex.org/W3023382228",2020,"Courtney N. Forbes","New directions in behavioral activation: Using findings from basic science and translational neuroscience to inform the exploration of potential mechanisms of change","Clinical Psychology Review",FALSE
"10.1146/annurev-clinpsy-050718-095530","https://openalex.org/W3008523340",2020,"Kieran J. O’Donnell; Michael J. Meaney","Epigenetics, Development, and Psychopathology","Annual Review of Clinical Psychology",FALSE
"10.1037/emo0000675","https://openalex.org/W3001021282",2020,"Rebecca L. Silton; Ian J. Kahrilas; Haley V. Skymba; Jennifer A. Smith; Fred B. Bryant; Wendy Heller","Regulating positive emotions: Implications for promoting well-being in individuals with depression.","Emotion",NA
"10.1002/jeab.565","https://openalex.org/W2990596783",2020,"Michael W. Schlund; Madonna Ludlum; Sandy K. Magee; Erin B. Tone; Adam T. Brewer; David M. Richman; Simon Dymond","Renewal of fear and avoidance in humans to escalating threat: Implications for translational research on anxiety disorders","Journal of the Experimental Analysis of Behavior",NA
"10.1037/abn0000406","https://openalex.org/W2948932066",2019,"Anne-Wil Kruijt; Sam Parsons; Elaine Fox","A meta-analysis of bias at baseline in RCTs of attention bias modification: No evidence for dot-probe bias towards threat in clinical anxiety and PTSD.","Journal of Abnormal Psychology",NA
"10.1017/s0954579419000300","https://openalex.org/W2937990063",2019,"Elise M. Cardinale; Anni R. Subar; Melissa A. Brotman; Ellen Leibenluft; Katharina Kircanski; Daniel S. Pine","Inhibitory control and emotion dysregulation: A framework for research on anxiety","Development and Psychopathology",NA
"10.1007/s40894-018-0092-5","https://openalex.org/W2891502746",2019,"Pan Liu; Koraly Pérez-Edgar","Developmental Pathways from Early Behavioral Inhibition to Later Anxiety: An Integrative Review of Developmental Psychopathology Research and Translational Implications","Adolescent research review",FALSE
"10.1016/j.brat.2019.103417","https://openalex.org/W2948565408",2019,"Barnaby D. Dunn; Heather O’Mahen; Kim Wright; Gary Brown","A commentary on research rigour in clinical psychological science: How to avoid throwing out the innovation baby with the research credibility bath water in the depression field","Behaviour Research and Therapy",FALSE
"10.1037/tps0000199","https://openalex.org/W2972516303",2019,"Emily G. Lowery-Gionta; Matthew May; Rachel M. Taylor; Elizabeth M Bergman; Mahder T. Etuma; Isaac H. Jeong; Laurence Simmons; Matthew C. Ventura; Vincent F. Capaldi; Liana M. Matson; Nicole L. T. Moore","Modeling trauma to develop treatments for posttraumatic stress.","Translational issues in psychological science",TRUE
"10.1038/s41380-019-0383-7","https://openalex.org/W2921576925",2019,"Gopalkumar Rakesh; Rajendra A. Morey; Anthony S. Zannas; Zainab Malik; Christine E. Marx; Ashley N. Clausen; Michael D. Kritzer; Steven T. Szabo","Resilience as a translational endpoint in the treatment of PTSD","Molecular Psychiatry",FALSE
"10.1016/j.brat.2019.103411","https://openalex.org/W2946375157",2019,"Miriam K. Forbes; Ronald M. Rapee; Robert F. Krueger","Opportunities for the prevention of mental disorders by reducing general psychopathology in early childhood","Behaviour Research and Therapy",NA
"10.1016/j.neubiorev.2019.01.007","https://openalex.org/W2908237489",2019,"Simon Dymond","Overcoming avoidance in anxiety disorders: The contributions of Pavlovian and operant avoidance extinction methods","Neuroscience & Biobehavioral Reviews",NA
"10.1016/j.biopsych.2018.09.004","https://openalex.org/W2891291514",2019,"Samuel T. Wilkinson; Paul E. Holtzheimer; Shan Gao; David S. Kirwin; Rebecca B. Price","Leveraging Neuroplasticity to Enhance Adaptive Learning: The Potential for Synergistic Somatic-Behavioral Treatment Combinations to Improve Clinical Outcomes in Depression","Biological Psychiatry",TRUE
"10.1007/s11121-017-0851-8","https://openalex.org/W2765341753",2019,"Diana Fishbein; Jacinda K. Dariotis","Personalizing and Optimizing Preventive Intervention Models via a Translational Neuroscience Framework","Prevention Science",FALSE
"10.1037/ccp0000320","https://openalex.org/W2902187754",2018,"Zhang Chen; Harm Veling; Stijn P. de Vries; Bas Olde Bijvank; Ignace M. C. Janssen; Ap Dijksterhuis; Rob W. Holland","Go/no-go training changes food evaluation in both morbidly obese and normal-weight individuals.","Journal of Consulting and Clinical Psychology",FALSE
"10.1176/appi.neuropsych.17100200","https://openalex.org/W2809888716",2018,"David L. Perez; Matcheri S. Keshavan; Jeremiah M. Scharf; Aaron D. Boes; Bruce H. Price","Bridging the Great Divide: What Can Neurology Learn From Psychiatry?","Journal of Neuropsychiatry and Clinical Neurosciences",TRUE
"10.3389/fpsyt.2018.00513","https://openalex.org/W2896686639",2018,"Rachael G. Horne; Jane A. Foster","Metabolic and Microbiota Measures as Peripheral Biomarkers in Major Depressive Disorder","Frontiers in Psychiatry",TRUE
"10.1007/s10567-018-0267-4","https://openalex.org/W2888709897",2018,"Candice A. Alfano","(Re)Conceptualizing Sleep Among Children with Anxiety Disorders: Where to Next?","Clinical Child and Family Psychology Review",FALSE
"10.1038/s41386-019-0552-z","https://openalex.org/W2980562260",2020,"Claudia Ebrahimi; Johanna Gechter; Ulrike Lueken; Florian Schlagenhauf; Hans-Ulrich Wittchen; Alfons O. Hamm; Andreas Ströhle","Augmenting extinction learning with d-cycloserine reduces return of fear: a randomized, placebo-controlled fMRI study","Neuropsychopharmacology",TRUE
"10.1017/sjp.2017.41","https://openalex.org/W2766635959",2017,"Simon E. Blackwell; Marcella L. Woud; Colin MacLeod","A Question of Control? Examining the Role of Control Conditions in Experimental Psychopathology using the Example of Cognitive Bias Modification Research","Spanish Journal of Psychology",TRUE
"10.3109/10253890.2011.644604","https://openalex.org/W2097281254",2012,"Dirk H. Hellhammer; Torsten Hero; Friedemann Gerhards; J. Hellhammer","Neuropattern: A new translational tool to detect and treat stress pathology I. Strategical consideration","Stress",FALSE
"10.1016/j.cpr.2020.101952","https://openalex.org/W3101149835",2021,"Katherine Schaumberg; Erin E. Reilly; Sasha Gorrell; Cheri A. Levinson; Nicholas R. Farrell; Tiffany A. Brown; Kathryn M. Smith; Lauren M. Schaefer; Jamal H. Essayli; Ann F. Haynos; Drew A. Anderson","Conceptualizing eating disorder psychopathology using an anxiety disorders framework: Evidence and implications for exposure-based clinical research","Clinical Psychology Review",NA
"10.1017/s0954579406060391","https://openalex.org/W2112502352",2006,"Kenneth A. Dodge","Translational science in action: Hostile attributional style and the development of aggressive behavior problems","Development and Psychopathology",NA
"10.1017/s0954579406060317","https://openalex.org/W2168543312",2006,"Dante Cicchetti; Sheree L. Toth","Building bridges and crossing them: Translational research in developmental psychopathology","Development and Psychopathology",TRUE
"10.1016/j.neuroscience.2015.06.012","https://openalex.org/W599295124",2016,"Hélène Wurtz; M. El-Khoury-Malhame; Frank H. Wilhelm; Tanja Michael; Eva Maria Beetz; J. Roques; Emmanuelle Reynaud; Julien Courtin; Stéphanie Khalfa; Cyril Herry","Preventing long-lasting fear recovery using bilateral alternating sensory stimulation: A translational study","Neuroscience",FALSE
"10.1016/j.neubiorev.2019.09.020","https://openalex.org/W2973072420",2019,"Jan Haaker; Stephen Maren; Marta Andreatta; Christian J. Merz; Jan Richter; S. Helene Richter; Shira Meir Drexler; Maren D. Lange; Kay Jüngling; Frauke Nees; Thomas Seidenbecher; Miquel A. Fullana; Carsten T. Wotjak; Tina B. Lonsdorf","Making translation work: Harmonizing cross-species methodology in the behavioural neuroscience of Pavlovian fear conditioning","Neuroscience & Biobehavioral Reviews",TRUE
"10.1016/j.psyneuen.2010.05.003","https://openalex.org/W1976474511",2011,"Christopher R. Pryce; Erich Seifritz","A translational research framework for enhanced validity of mouse models of psychopathological states in depression","Psychoneuroendocrinology",NA
"10.1080/15374416.2016.1239539","https://openalex.org/W2552268464",2016,"Tina Malti; Gil G. Noam; Andreas Beelmann; Simon Sommer","Toward Dynamic Adaptation of Psychological Interventions for Child and Adolescent Development and Mental Health","Journal of Clinical Child and Adolescent Psychology",TRUE
"10.1038/s41398-020-0786-x","https://openalex.org/W3017130587",2020,"Maike Hollandt; Adrian Wroblewski; Yunbo Yang; Isabelle C. Ridderbusch; Tilo Kircher; Alfons O. Hamm; Benjamin Straube; Jan Richter","Facilitating translational science in anxiety disorders by adjusting extinction training in the laboratory to exposure-based therapy procedures","Translational Psychiatry",TRUE
"10.1007/s00278-019-0366-9","https://openalex.org/W2955246299",2019,"Melissa Hitzler; Alexander Karabatsiakis; Iris-Tatjana Kolassa","Biomolekulare Vulnerabilitätsfaktoren psychischer Erkrankungen","Psychotherapeut",FALSE
"10.1027/2151-2604/a000447","https://openalex.org/W3196592077",2021,"Klaus Fiedler; David J. Grüning","A Social Psychological Toolbox for Clinical Psychology","Zeitschrift Fur Psychologie-journal of Psychology",TRUE
"10.1016/j.cpr.2022.102163","https://openalex.org/W4280500746",2022,"Thomas Ehring; Karina Limburg; Anna E. Kunze; Charlotte E. Wittekind; Gabriela G. Werner; Larissa Wolkenstein; Melike Guzey; Barbara Cludius","(When and how) does basic research in clinical psychology lead to more effective psychological treatment for mental disorders?","Clinical Psychology Review",TRUE
"10.1176/appi.ajp.2020.19121231","https://openalex.org/W3128059430",2021,"Yair Bar-Haim; Murray B. Stein; Richard A. Bryant; Paul D. Bliese; Ariel Ben Yehuda; Morten L. Kringelbach; Sonia Jain; Orrie Dan; Amit Lazarov; Ilan Wald; Ofir Levi; Yuval Neria; Daniel S. Pine","Intrusive Traumatic Reexperiencing: Pathognomonic of the Psychological Response to Traumatic Stress","American Journal of Psychiatry",NA
"10.1016/j.biopsych.2022.04.004","https://openalex.org/W4224305558",2022,"Kari L. Hanson; Simone E. Grant; Lucy H. Funk; Cynthia M. Schumann; Melissa D. Bauman","Impact of Maternal Immune Activation on Nonhuman Primate Prefrontal Cortex Development: Insights for Schizophrenia","Biological Psychiatry",FALSE
"10.1016/j.biopsych.2022.04.010","https://openalex.org/W4225249864",2022,"Erin A. Hazlett; Kim E. Goldstein; M. Mehmet Haznedar; Margaret M. McClure; M. Mercedes Perez-Rodriguez; Antonia S. New; Marianne Goodman; Usha Govindarajulu; Kalpana Nidhi Kapil-Pair; Abigail Feinberg; Emma Smith; Elen-Sarrah Dolgopolskaia","Hyperreactivity and Impaired Habituation of Startle Amplitude During Unpleasant Pictures in Borderline but Not Schizotypal Personality Disorder: Quantifying Emotion Dysregulation","Biological Psychiatry",FALSE
"10.3389/fpsyg.2020.603385","https://openalex.org/W3120002157",2021,"S. Shaun Ho; Yoshio Nakamura; James E. Swain","Compassion As an Intervention to Attune to Universal Suffering of Self and Others in Conflicts: A Translational Framework","Frontiers in Psychology",TRUE
"10.1016/j.neubiorev.2022.104578","https://openalex.org/W4213292657",2022,"Chris A Kelly; Kevin B Freeman; Julie A Schumacher","Treatment-Resistant Depression with Anhedonia: Integrating Clinical and Preclinical Approaches to Investigate Distinct Phenotypes","Neuroscience & Biobehavioral Reviews",FALSE
"10.1177/09637214211051363","https://openalex.org/W4214586747",2022,"Bruce N. Cuthbert","Research Domain Criteria (RDoC): Progress and Potential","Current Directions in Psychological Science",FALSE
"10.1038/s41386-021-01263-4","https://openalex.org/W4205237793",2022,"Tali M. Ball; Lisa A. Gunaydin","Measuring maladaptive avoidance: from animal models to clinical anxiety","Neuropsychopharmacology",TRUE
"10.1002/cpp.2719","https://openalex.org/W4210815278",2022,"Bruno Faustino","Minding my brain: Fourteen neuroscience‐based principles to enhance psychotherapy responsiveness","Clinical Psychology & Psychotherapy",FALSE
"10.1037/hea0001095","https://openalex.org/W4206412134",2021,"Susan M. Czajkowski; Christine M. Hunter","From ideas to interventions: A review and comparison of frameworks used in early phase behavioral translation research.","Health Psychology",FALSE
"10.1002/da.23170","https://openalex.org/W3176797274",2021,"Luke J. Ney; Allison Matthews; Chia-Ming K. Hsu; Daniel V. Zuj; Emma Nicholson; Trevor Steward; David Nichols; Bronwyn M. Graham; Ben J. Harrison; Raimondo Bruno; Kim L Felmingham","Cannabinoid polymorphisms interact with plasma endocannabinoid levels to predict fear extinction learning","Depression and Anxiety",TRUE
"10.1111/jep.12914","https://openalex.org/W2795223485",2018,"Ivana Marková","Translational neuroscience and psychiatry: A conceptual analysis","Journal of Evaluation in Clinical Practice",FALSE
"10.1037/bar0000112","https://openalex.org/W2808789761",2018,"Adam T. Brewer; Anita Li; Yanerys Leon; Joshua K. Pritchard; Laura B. Turner; David M. Richman","Toward a better basic understanding of operant-respondent interactions: Translational research on phobias.","Behavior analysis",FALSE
"10.1002/jaba.471","https://openalex.org/W2803975630",2018,"Valdeep Saini; William E. Sullivan; Emily L. Baxter; Nicole M. DeRosa; Henry S. Roane","Renewal during functional communication training","Journal of Applied Behavior Analysis",FALSE
"10.1016/j.chiabu.2018.03.002","https://openalex.org/W2793474030",2018,"Linda D. Cameron; Paul Carroll; W. Kyle Hamilton","Evaluation of an intervention promoting emotion regulation skills for adults with persisting distress due to adverse childhood experiences","Child Abuse & Neglect",FALSE
"10.3389/fpsyg.2017.00098","https://openalex.org/W2586295443",2017,"Megan E. Renna; Jean M. Quintero; David M. Fresco; Douglas S. Mennin","Emotion Regulation Therapy: A Mechanism-Targeted Treatment for Disorders of Distress","Frontiers in Psychology",TRUE
"10.1038/npp.2016.183","https://openalex.org/W2559088788",2017,"Diego A. Pizzagalli; William A. Carlezon","Error Processing in Depressive States: A Translational Opportunity?","Neuropsychopharmacology",TRUE
"10.1177/1524839917710454","https://openalex.org/W2618775745",2017,"Sylvia Hansen; Martina Kanning; Romy Lauer; Jürgen M. Steinacker; Wolfgang Schlicht","MAP-IT: A Practical Tool for Planning Complex Behavior Modification Interventions","Health Promotion Practice",TRUE
"10.1016/j.beproc.2017.02.013","https://openalex.org/W2588837309",2017,"Kelly M. Schieltz; David P. Wacker; Joel E. Ringdahl; Wendy K. Berg","Basing assessment and treatment of problem behavior on behavioral momentum theory: Analyses of behavioral persistence","Behavioural Processes",TRUE
"10.1037/pri0000044","https://openalex.org/W2625991637",2017,"Joyce Chu; Brandon Hoeflein; Peter Goldblum; Bruce Bongar; Genevieve M. Heyne; Natasha Gadinsky; Matthew D. Skinta","Innovations in the practice of culturally competent suicide risk management.","Practice innovations",FALSE
"10.1146/annurev-clinpsy-032816-044941","https://openalex.org/W2612816498",2017,"Melissa A. Brotman; Katharina Kircanski; Ellen Leibenluft","Irritability in Children and Adolescents","Annual Review of Clinical Psychology",FALSE
"10.3389/fnagi.2016.00280","https://openalex.org/W2557708428",2016,"Sarah Wehle Gehres; Andreia Silva da Rocha; Antoine Leuzy; Cássio Morais Loss; Giordano Gubert Viola; Eduardo R. Zimmer","Cognitive Intervention As an Early Non-pharmacological Strategy in Alzheimer's Disease: A Translational Perspective","Frontiers in Aging Neuroscience",TRUE
"10.1007/s00115-016-0169-y","https://openalex.org/W2493230508",2016,"Michael Bauer; Tobias Banaschewski; Andreas Heinz; Inge Kamp-Becker; Andreas Meyer-Lindenberg; Frank Padberg; Michael A. Rapp; R. Rupprecht; Friederike Schneider; Thomas G. Schulze; Hans-Ulrich Wittchen","Das deutsche Forschungsnetz zu psychischen Erkrankungen","Nervenarzt",FALSE
"10.1111/cpsp.12166","https://openalex.org/W2477310620",2016,"Gregory J. Lengel; Ashley C. Helle; Hilary L. DeShong; Neil A. Meyer; Stephanie N. Mullins-Sweatt","Translational applications of personality science for the conceptualization and treatment of psychopathology.","Clinical Psychology-science and Practice",FALSE
"10.1037/per0000106","https://openalex.org/W2444393725",2015,"Carla Sharp; Allison Kalpakci","Mentalization in borderline personality disorder: From bench to bedside.","Personality Disorders: Theory, Research, and Treatment",FALSE
"10.1016/j.tics.2015.08.003","https://openalex.org/W2129138901",2015,"Joel Pearson; Thomas Naselaris; Emily A. Holmes; Stephen M. Kosslyn","Mental Imagery: Functional Mechanisms and Clinical Applications","Trends in Cognitive Sciences",TRUE
"10.1037/per0000135","https://openalex.org/W985030052",2015,"Lori N. Scott; Paul A. Pilkonis","Next steps in research on aggression in borderline personality disorder: Commentary on “Aggression in borderline personality disorder—A multidimensional model”.","Personality Disorders: Theory, Research, and Treatment",TRUE
"10.1016/j.biopsych.2015.02.007","https://openalex.org/W2051661459",2015,"Ebony M. Glover; Tanja Jovanovic; Seth D. Norrholm","Estrogen and Extinction of Fear Memories:Implications for Posttraumatic Stress Disorder Treatment","Biological Psychiatry",NA
"10.2174/221067660502150430155038","https://openalex.org/W4246371004",2015,"Basant Pradhan; Richard Gray; Tapan Parikh; Padmalatha Akkireddi; Andres Pumariega","Trauma Interventions using Mindfulness Based Extinction and Reconsolidation (TIMBER<sup>©</sup>) as Monotherapy for Chronic PTSD: A Pilot Study","Adolescent psychiatry",FALSE
"10.1111/famp.12143","https://openalex.org/W1979628401",2015,"Gabriela L. Stein; Linda E. Guzman","Prevention and Intervention Research With Latino Families: A Translational Approach","Family Process",FALSE
"10.1093/jpepsy/jsu108","https://openalex.org/W2137049827",2015,"Erin E. Brannon; Christopher C. Cushing","A Systematic Review: Is There an App for That? Translational Science of Pediatric Behavior Change for Physical Activity and Dietary Interventions","Journal of Pediatric Psychology",TRUE
"10.1037/a0036568","https://openalex.org/W2001913342",2015,"Colleen M. McBride; Wendy C. Birmingham; Anita Y. Kinney","Health psychology and translational genomic research: Bringing innovation to cancer-related behavioral interventions.","American Psychologist",FALSE
"10.1016/j.bbr.2014.07.028","https://openalex.org/W2008083196",2015,"Elizabeth P. Bauer","Serotonin in fear conditioning processes","Behavioural Brain Research",FALSE
"10.1038/npp.2013.317","https://openalex.org/W1994673996",2014,"JoAnn Difede; Judith Cukor; Katarzyna Wyka; Megan Olden; Hunter G. Hoffman; Francis S. Lee; Margaret Altemus","D-Cycloserine Augmentation of Exposure Therapy for Post-Traumatic Stress Disorder: A Pilot Randomized Clinical Trial","Neuropsychopharmacology",TRUE
"10.1002/j.1556-6678.2010.tb00043.x","https://openalex.org/W2041755088",2010,"Lynn D. Miller; Christina Short; E. Jane Garland; Sandra Clark","The ABCs of CBT (Cognitive Behavior Therapy): Evidence-Based Approaches to Child Anxiety in Public School Settings","Journal of Counseling and Development",FALSE
"10.1016/j.janxdis.2010.02.009","https://openalex.org/W1981597802",2010,"Evelyn Behar; R. Kathryn McHugh; Andrew D. Peckham; Michael Otto","d-Cycloserine for the augmentation of an attentional training intervention for trait anxiety","Journal of Anxiety Disorders",FALSE
"10.1007/s10566-010-9094-6","https://openalex.org/W2068927945",2010,"Eric A. Storch; Dean McKay; Jeannette M. Reid; Daniel A. Geller; Wayne K. Goodman; Adam B. Lewin; Tanya K. Murphy","D-Cycloserine Augmentation of Cognitive-Behavioral Therapy: Directions for Pilot Research in Pediatric Obsessive-Compulsive Disorder","Child & youth care forum",FALSE
"10.1097/iyc.0b013e3181d22e14","https://openalex.org/W2033508894",2010,"Michael J. Guralnick","Early Intervention Approaches to Enhance the Peer-Related Social Competence of Young Children With Developmental Delays","Infants and Young Children",NA
"10.1188/14.cjon.s3.38-58","https://openalex.org/W2079657742",2014,"Sandra A. Mitchell; Amy J. Hoffman; Jane C. Clark; Regina M. DeGennaro; Patricia Poirier; Carolene B. Robinson; Breanna L. Weisbrod","Putting Evidence Into Practice: An Update of Evidence-Based Interventions for Cancer-Related Fatigue During and Following Treatment","Clinical Journal of Oncology Nursing",FALSE
"10.1097/nmd.0000000000000188","https://openalex.org/W2333096254",2014,"Dawson Church; David Feinstein; Julie Palmer-Hoffman; Phyllis K. Stein; Anthony Tranguch","Empirically Supported Psychological Treatments","Journal of Nervous and Mental Disease",FALSE
"10.1016/j.brat.2014.07.007","https://openalex.org/W2008475506",2014,"Rebecca J. Park; Lauren R. Godier-McBard; Felicity A. Cowdrey","Hungry for reward: How can neuroscience inform the development of treatment for Anorexia Nervosa?","Behaviour Research and Therapy",FALSE
"10.1037/xge0000016","https://openalex.org/W2315685001",2014,"Carl F. Weems; Justin D. Russell; Donice M. Banks; Rebecca A. Graham; Erin L. Neill; Brandon G. Scott","Memories of traumatic events in childhood fade after experiencing similar less stressful events: Results from two natural experiments.","Journal of experimental psychology",FALSE
"10.1097/hrp.0000000000000034","https://openalex.org/W2323072403",2014,"Randy P. Auerbach; Roee Admon; Diego A. Pizzagalli","Adolescent Depression","Harvard Review of Psychiatry",NA
"10.1177/2167702613497932","https://openalex.org/W2013335489",2014,"Lisa Simon Onken; Kathleen M. Carroll; Varda Shoham; Bruce N. Cuthbert; Melissa Riddle","Reenvisioning Clinical Science","Clinical psychological science",TRUE
"10.1037/a0035892","https://openalex.org/W2331951322",2014,"Lauren D. Asarnow; Adriane M. Soehner; Allison G. Harvey","Basic sleep and circadian science as building blocks for behavioral interventions: A translational approach for mood disorders.","Behavioral Neuroscience",FALSE
"10.1038/npp.2008.113","https://openalex.org/W2088212731",2009,"Daniel S. Pine; Sarah M. Helfinstein; Yair Bar-Haim; Eric E. Nelson; Nathan A. Fox","Challenges in Developing Novel Treatments for Childhood Disorders: Lessons from Research on Anxiety","Neuropsychopharmacology",TRUE
"10.1038/npp.2008.170","https://openalex.org/W2052735846",2009,"Philip S. Wang; Robert K. Heinssen; Molly Oliveri; Ann Wagner; Wayne K. Goodman","Bridging Bench and Practice: Translational Research for Schizophrenia and Other Psychotic Disorders","Neuropsychopharmacology",TRUE
"10.1007/bf03392189","https://openalex.org/W171338788",2009,"William J. McIlvane","Translational behavior analysis: From laboratory science in stimulus control to intervention with persons with neurodevelopmental disabilities","Behavior Analyst",NA
"10.1017/s003329170800398x","https://openalex.org/W2002790322",2009,"Michael Rutter; Robert Plomin","Pathways from science findings to health benefits","Psychological Medicine",FALSE
"10.1002/da.20529","https://openalex.org/W2282853134",2008,"Jürgen Unützer","Evidence-based treatments for anxiety and depression: lost in translation?","Depression and Anxiety",FALSE
"10.1111/j.1467-8721.2008.00617.x","https://openalex.org/W2112921054",2008,"Richard Spoth","Translating Family-Focused Prevention Science Into Effective Practice","Current Directions in Psychological Science",NA
"10.1016/j.biopsych.2008.01.012","https://openalex.org/W2159630298",2008,"Melissa M. Norberg; John H. Krystal; David F. Tolin","A Meta-Analysis of D-Cycloserine and the Facilitation of Fear Extinction and Exposure Therapy","Biological Psychiatry",FALSE
"10.1016/j.cpr.2007.04.001","https://openalex.org/W2062599752",2008,"M. Zachary Rosenthal; Kim L. Gratz; David S. Kosson; Jennifer S. Cheavens; Carl W. Lejuez; Thomas R. Lynch","Borderline personality disorder and emotional responding: A review of the research literature","Clinical Psychology Review",FALSE
"10.1111/ap.12037","https://openalex.org/W1488632761",2014,"Ronald C. Plotnikoff; Philip J. Morgan; David R. Lubans; Ryan E. Rhodes; Sarah A. Costigan","The Intersect of Theory, Methods, and Translation in Guiding Interventions for the Promotion of Physical Activity: A Case Example of a Research Programme","Australian Psychologist",FALSE
"10.1007/s10608-014-9604-1","https://openalex.org/W1964976320",2014,"Elaine Fox; Bundy Mackintosh; Emily A. Holmes","Travellers’ Tales in Cognitive Bias Modification Research: A Commentary on the Special Issue","Cognitive Therapy and Research",FALSE
"10.1017/s095457941300062x","https://openalex.org/W2113875646",2013,"Jillian Lee Wiggins; Christopher S. Monk","A translational neuroscience framework for the development of socioemotional functioning in health and psychopathology","Development and Psychopathology",FALSE
"10.1037/0735-7028.38.3.278","https://openalex.org/W2154003712",2007,"Nadine J. Kaslow; Annie M. Bollini; Benjamin G. Druss; Robert L. Glueckauf; Lewis R. Goldfrank; Kelly J. Kelleher; Annette M. La Greca; R. Enrique Varela; Samuel S.-H. Wang; Linda Weinreb; Lonnie K. Zeltzer","Health care for the whole person: Research update.","Professional Psychology: Research and Practice",FALSE
"10.1017/s0954579406060457","https://openalex.org/W1981311070",2006,"Stephen W. Porges","Asserting the role of biobehavioral sciences in translational research: The behavioral neurobiology revolution","Development and Psychopathology",FALSE
"10.1017/s0954579406060330","https://openalex.org/W2114594413",2006,"Megan R. Gunnar; Philip A. Fisher","Bringing basic research on early experience and stress neurobiology to bear on preventive interventions for neglected and maltreated children","Development and Psychopathology",FALSE
"10.1016/j.brat.2006.06.001","https://openalex.org/W2027706707",2006,"Michael J. Zvolensky; Norman B. Schmidt; Amit Bernstein; Meghan E. Keough","Risk-factor research and prevention programs for anxiety disorders: A translational research framework","Behaviour Research and Therapy",FALSE
"10.1017/s1092852900010439","https://openalex.org/W2137765279",2005,"Charles F. Gillespie; Kerry J. Ressler","Emotional Learning and Glutamate: Translational Perspectives","CNS spectrums",NA
"10.1037/tps0000224","https://openalex.org/W3012376150",2020,"Silvia Chapman; Leigh E. Colvin; Stephanie Cosentino","Translational aspects of the multidisciplinary study of metacognition.","Translational issues in psychological science",TRUE
"10.1037/tps0000218","https://openalex.org/W3012219228",2020,"Jennifer G. Cromley; Andrea J. Kunze","Metacognition in education: Translational research.","Translational issues in psychological science",FALSE
"10.1016/j.copsyc.2018.12.004","https://openalex.org/W2912349592",2019,"Emily K. Lindsay; John David Creswell","Mindfulness, acceptance, and emotion regulation: perspectives from Monitor and Acceptance Theory (MAT)","Current opinion in psychology",TRUE
"10.1016/j.jadohealth.2013.02.015","https://openalex.org/W2010278034",2013,"Sarah Gehlert","Turning Disciplinary Knowledge Into Solutions","Journal of Adolescent Health",TRUE
"10.1016/j.eurpsy.2012.08.002","https://openalex.org/W2140741029",2013,"Paolo Fusar-Poli; Majella Byrne; Steven Badger; Lucia Valmaggia; Philip McGuire","Outreach and support in South London (OASIS), 2001–2011: Ten years of early diagnosis and treatment for young individuals at high clinical risk for psychosis","European Psychiatry",FALSE
"10.1037/a0030582","https://openalex.org/W1989673150",2013,"Robin J. Mermelstein; Tracey A. Revenson","Applying theory across settings, behaviors, and populations: Translational challenges and opportunities.","Health Psychology",NA
"10.1007/s10461-012-0393-9","https://openalex.org/W2045066965",2013,"Jing Gu; Joseph Lau; Huifang Xu; Ying Zhong; Yuantao Hao; Yuteng Zhao; Lirui Fan; Wenhua Ling","A Randomized Controlled Trial to Evaluate the Relative Efficacy of the Addition of a Psycho-Social Intervention to Standard-of-Care Services in Reducing Attrition and Improving Attendance Among First-Time Users of Methadone Maintenance Treatment in China","Aids and Behavior",FALSE
"10.1037/a0029909","https://openalex.org/W2050597029",2013,"Janey C. Peterson; Susan M. Czajkowski; Mary E. Charlson; Alissa R. Link; Martin T. Wells; Alice M. Isen; Carol A. Mancuso; John P. Allegrante; Carla Boutin-Foster; Gbenga Ogedegbe; Jared B. Jobe","Translating basic behavioral and social science research to clinical application: The EVOLVE mixed methods approach.","Journal of Consulting and Clinical Psychology",TRUE
"10.1002/dev.21775","https://openalex.org/W2896650325",2019,"Amanda C. Kentner; John F. Cryan; Susanne Brummelte","Resilience priming: Translational models for understanding resiliency and adaptation to early life adversity","Developmental Psychobiology",TRUE
"10.1111/mbe.12153","https://openalex.org/W2763420277",2017,"K. Brooke Stafford‐Brizard; Pamela Cantor; L. Todd Rose","Building the Bridge Between Science and Practice: Essential Characteristics of a Translational Framework","Mind, Brain, and Education",FALSE
"10.1016/j.nlm.2017.05.008","https://openalex.org/W2613580976",2017,"Claudia Ebrahimi; Stefan Koch; Eva Friedel; Ilsoray Crespo; Thomas Fydrich; Andreas Ströhle; Andreas Heinz; Florian Schlagenhauf","Combining D-cycloserine with appetitive extinction learning modulates amygdala activity during recall","Neurobiology of Learning and Memory",TRUE
"10.1037/a0028813","https://openalex.org/W2123089523",2012,"Michael T. Treadway; Nicholas A. Bossaller; Richard C. Shelton; David H. Zald","Effort-based decision-making in major depressive disorder: A translational model of motivational anhedonia.","Journal of Abnormal Psychology",NA
"10.1037/a0029040","https://openalex.org/W2315147516",2012,"Mikle South; Julie M. Wolf; Lauren Herlihy","Future dimensions: Neuroscience applications to practice in child and adolescent psychology.","Professional Psychology: Research and Practice",FALSE
"10.3109/10253890.2011.644605","https://openalex.org/W2083343893",2012,"Torsten Hero; Friedemann Gerhards; Hanne Thiart; Dirk H. Hellhammer; Michael Linden","Neuropattern: A new translational tool to detect and treat stress pathology. II. The Teltow study","Stress",FALSE
"10.1111/j.1601-183x.2012.00801.x","https://openalex.org/W2073927880",2012,"Raül Andero; Kerry J. Ressler","Fear extinction and BDNF: translating animal models of PTSD to the clinic","Genes, Brain and Behavior",NA
"10.1007/s10608-014-9662-4","https://openalex.org/W1964779971",2015,"Amelia Aldao; Gal Sheppes; James J. Gross","Emotion Regulation Flexibility","Cognitive Therapy and Research",FALSE
"10.1038/npp.2012.268","https://openalex.org/W1991180134",2013,"Megan Riddle; Morgan C. McKenna; Yonejung Yoon; Siobhan S. Pattwell; Patricia Mae G Santos; B. J. Casey; Charles E. Glatt","Caloric Restriction Enhances Fear Extinction Learning in Mice","Neuropsychopharmacology",TRUE
"10.1177/1524839912438749","https://openalex.org/W2112279002",2012,"Alison L. Miller; Allison M. Krusky; Susan P. Franzen; Shirley Cochran; Marc A. Zimmerman","Partnering to Translate Evidence-Based Programs to Community Settings","Health Promotion Practice",FALSE
"10.1136/jme.2009.029785","https://openalex.org/W2107374963",2010,"Alan Cribb","Translational ethics? The theory-practice gap in medical ethics","Journal of Medical Ethics",FALSE
"10.1111/j.1742-9552.2011.00005.x","https://openalex.org/W1499537861",2011,"Simon P. Byrne; Lara J. Farrell; Ronald M. Rapee","Using cognitive enhancers to improve the treatment of anxiety disorders in young people: Examining the potential for D‐cycloserine to augment exposure for child anxiety","Clinical Psychologist",FALSE
"10.1111/j.1468-2850.2011.01261.x","https://openalex.org/W1558060935",2011,"Greg J. Siegle","Beyond depression commentary: Wherefore art thou, depression clinic of tomorrow?","Clinical Psychology-science and Practice",NA
"10.1017/s0033291711000109","https://openalex.org/W2116254635",2011,"Graham Thornicroft; Heidi Lempp; Michele Tansella","The place of implementation science in the translational medicine continuum","Psychological Medicine",TRUE
"10.2174/157340011797183193","https://openalex.org/W2329975296",2011,"Seth D. Norrholm and Tanja Jovanovic","Translational Fear Inhibition Models as Indices of Trauma-related Psychopathology","Current Psychiatry Reviews",FALSE
"10.1037/1528-3542.8.3.307","https://openalex.org/W2168430107",2008,"Golnaz Tabibnia; Matthew D. Lieberman; Michelle G. Craske","The lasting effect of words on feelings: Words may facilitate exposure effects to threatening images.","Emotion",NA
"10.1016/j.brat.2007.06.006","https://openalex.org/W2077257194",2007,"Stefan G. Hofmann","Enhancing exposure-based therapy from a translational research perspective","Behaviour Research and Therapy",NA
"10.3389/fnbeh.2011.00044","https://openalex.org/W2121484097",2011,"Tanja Jovanovic; Seth D. Norrholm","Neural Mechanisms of Impaired Fear Inhibition in Posttraumatic Stress Disorder","Frontiers in Behavioral Neuroscience",TRUE
"10.1007/bf03392233","https://openalex.org/W10784171",2011,"Iser G. DeLeon","The aesthetics of intervention in defense of the esoteric","Behavior Analyst",NA
"10.1002/da.20754","https://openalex.org/W2110224827",2011,"John S. March","Looking to the future of research in pediatric anxiety disorders","Depression and Anxiety",FALSE
"10.1097/yco.0000000000000220","https://openalex.org/W2331708864",2016,"Andre Pittig; Linda van den Berg; Bram Vervliet","The key role of extinction learning in anxiety disorders","Current Opinion in Psychiatry",FALSE
"10.1002/mpr.1409","https://openalex.org/W2158645871",2014,"Hans-Ulrich Wittchen; Susanne Knappe; Gerhard Andersson; Ricardo Araya; Rosa María Baños Rivera; Michael Barkham; Per Bech; Tom Beckers; Thomas Berger; Matthias Berking; Carmen Berrocal; Christina Botella; Per Carlbring; Guy Chouinard; Francesc Colom; Claudio Csillag; Pim Cujipers; Daniel David; Paul M. G. Emmelkamp; Cecilia A. Essau; Giovanni A. Fava; Thomas Goschke; Dirk Hermans; Stefan G. Hofmann; Wolfgang Lutz; Peter Muris; Thomas H. Ollendick; Filip Raes; Winfried Rief; Heleen Riper; Eliana Tossani; Saskia Van der Oord; Bram Vervliet; Josep Maria Haro; Gunter Schumann","The need for a behavioural science focus in research on mental health and mental disorders","International Journal of Methods in Psychiatric Research",TRUE
"10.1002/da.22257","https://openalex.org/W1528197217",2014,"Stefan G. Hofmann","<scp>d</scp>-CYCLOSERINE FOR TREATING ANXIETY DISORDERS: MAKING GOOD EXPOSURES BETTER AND BAD EXPOSURES WORSE","Depression and Anxiety",FALSE
"10.1016/s2215-0366(20)30170-x","https://openalex.org/W3027730498",2020,"Simon E. Blackwell","Clinical efficacy of cognitive bias modification interventions","The Lancet Psychiatry",FALSE
"10.1016/s2215-0366(16)30080-3","https://openalex.org/W2505115395",2016,"Abigail Moss; H Valerie Curran; Michael A P Bloomfield; Sunjeev K. Kamboj; Simon E. Blackwell; Tom P. Freeman","Bringing together pharmacological and psychological approaches to mental health research","The Lancet Psychiatry",FALSE
"10.1016/s0272-7358(03)00037-0","https://openalex.org/W2015929240",2003,"Stacey B. Daughters; Carl W. Lejuez; Henry R. Lesieur; David R. Strong; Michael J. Zvolensky","Towards a better understanding of gambling treatment failure: implications of translational research","Clinical Psychology Review",FALSE
"10.1016/s0006-3223(01)01326-9","https://openalex.org/W2075693245",2002,"Bruce N. Cuthbert","Social anxiety disorder: trends and translational research","Biological Psychiatry",FALSE
